asset_code,asset_issuer,cnt
USDC,GA5ZSEJYB37JRC5AVCIA5MOP4RHTM335X2KGX3IHOJAPP5RE34K4KZVN,100272664
NODL,GB2Y3AWXVROM2BHFQKQPTWKIOI3TZEBBD3LTKTVQTKEPXGOBE742NODL,75794579
ASTH,GB3RNZA7QRAQDCY5JYV3RVVUXZPQPREB6IAYKCJTVSGSSEL5UCV3ONGA,54518867
SSLX,GBHFGY3ZNEJWLNO4LBUKLYOCEK4V7ENEBJGPRHHX7JU47GWHBREH37UR,43606269
SHX,GDSTRSHXHGJ7ZIVRBXEYE5Q74XUVCUSEKEBR7UCHEUUEK72N7I7KJ6JH,37140648
AQUA,GBNZILSTVQZ4R7IKQDGHYGY2QXL5QOFJYQMXPKWRRM5PAV7Y4M67AQUA,29644014
USDT,GCQTGZQQ5G4PTM2GL7CDIFKUBIPEC52BROAQIAPW53XBRJVN6ZJVTG6V,27525969
MOBI,GA6HCMBLTZS5VYYBCATRBRZ3BZJMAFUDKYYF6AH6MVCMGWMRDNSWJPIH,26986756
SLT,GCKA6K5PCQ6PNF5RQBF7PQDJWRHO6UOGFMRLK3DYHDOI244V47XKQ4GP,26699422
SCOP,GC6OYQJIZF3HFXCYPFCBXYXNGIBQ4TNSFUBUXQJOZWIP6F3YZK4QH3VQ,26341551
TERN,GDGQDVO6XPFSY4NMX75A7AOVYCF5JYGW2SHCJJNWCQWIDGOZB53DGP6C,26063120
XXA,GC4HS4CQCZULIOTGLLPGRAAMSBDLFRR6Y7HCUQG66LNQDISXKIXXADIM,25480508
BTC,GBVOL67TMUQBGL4TZYNMY3ZQ5WGQYFPFD5VJRWXR72VA33VFNL225PL5,24962447
USD,GDUKMGUGDZQK6YHYA5Z6AY2G4XDSZPSZ3SW5UN3ARVMO6QSRDWP5YLEX,24609387
BTC,GAUTUYY2THLF7SGITDFMXJVYH3LHDSMGEAKSBU267M2K7A3W543CKUEF,24022499
ETH,GBDEVU63Y6NTHJQQZIKVTC23NWLQVP3WJ2RI2OTSJTNYOIGICST6DUXR,23761610
yXLM,GARDNV3Q7YGT4AKSDF25LT32YSCCW4EV22Y2TV3I2PU2MMXJTEDL5T55,22157033
ETH,GBVOL67TMUQBGL4TZYNMY3ZQ5WGQYFPFD5VJRWXR72VA33VFNL225PL5,21369056
DRA,GCJKSAQECBGSLPQWAU7ME4LVQVZ6IDCNUA5NVTPPCUWZWBN5UBFMXZ53,20823906
RMT,GDEGOXPCHXWFYY234D2YZSPEJ24BX42ESJNVHY5H7TWWQSYRN5ZKZE3N,20548473
EURT,GAP5LETOV6YIE62YAM56STDANPRDO7ZFDBGSNHJQIYGGKSMOZAHOOS2S,20466663
DOGET,GDOEVDDBU6OBWKL7VHDAOKD77UP4DKHQYKOKJJT5PR3WRDBTX35HUEUX,20362044
RIO,GBNLJIYH34UWO5YZFA3A3HD3N76R6DOI33N4JONUOHEEYZYCAYTEJ5AK,19213354
NGNT,GAWODAROMJ33V5YDFY3NPYTHVYQG7MJXVJ2ND3AOGIHYRWINES6ACCPD,18781987
XRP,GBVOL67TMUQBGL4TZYNMY3ZQ5WGQYFPFD5VJRWXR72VA33VFNL225PL5,17152406
SLVR,GBZVELEQD3WBN3R3VAG64HVBDOZ76ZL6QPLSFGKWPFED33Q3234NSLVR,16486036
VELO,GDM4RQUQQUVSKQA7S6EM7XBZP3FCGH4Q7CL6TABQ7B2BEJ5ERARM2M5M,16126776
LAX,GAZZB5KPOWEWK4C5S5H5B6YPR2EQMUIJEFFBNQ6MWYYAG7DOEELBOHLW,14697416
BRL,GDVKY2GU2DRXWTBEYJJWSFXIGBZV6AZNBVVSUHEPZI54LIS6BA7DVVSP,13869961
TFC,GDS3XDJAA4VY6MJYASIGSIMPHZ7AQNZ54RKLWT7MWCOU5YKYEVCNLVS3,13381580
BRAVE,GDREF4TAC3RFYVLHEV24CXN2VBGCEEP74BZOC3T4Q4XJ6SXJFMDPNTJL,13137355
enec,GCNKP3PK5MXAD5TXMIDKQXLAAAQB7OBR2AEFTY2PVVNSNX7KM467IYBF,12943708
USD,GBNLJIYH34UWO5YZFA3A3HD3N76R6DOI33N4JONUOHEEYZYCAYTEJ5AK,12628159
LSP,GAB7STHVD5BDH3EEYXPI3OM7PCS4V443PYB5FNT6CFGJVPDLMKDM24WK,12489114
XLPG,GDDRETFPCQIDWH3LNMIONXSSBWYLXZFSF3WY6UCCIF6NMTW2UKA3R4NX,12396184
KIN,GBDEVU63Y6NTHJQQZIKVTC23NWLQVP3WJ2RI2OTSJTNYOIGICST6DUXR,12379783
WXT,GASBLVHS5FOABSDNW5SPPH3QRJYXY5JHA2AOA2QHH2FJLZBRXSG4SWXT,12317848
yUSDC,GDGTVWSM4MGS4T7Z6W4RPWOCHE2I6RDFCIFZGS3DOA63LWQTRNZNTTFF,11927714
XRP,GBXRPL45NPHCVMFFAYZVUVFFVKSIZ362ZXFP7I2ETNQ3QKZMFLPRDTD5,11691263
FIDR,GBZQNUAGO4DZFWOHJ3PVXZKZ2LTSOVAMCTVM46OEMWNWTED4DFS3NAYH,11574358
GTN,GARFMAHQM4JDI55SK2FGEPLOZU7BTEODS3Y5QNT3VMQQIU3WV2HTBA46,11321017
XCN,GCNY5OXYSY4FKHOPT2SPOQZAOEIGXB5LBYW3HVU3OWSTQITS65M5RCNY,10855355
CENTUS,GAKMVPHBET4T7DPN32ODVSI4AA3YEZX2GHGNNSBGFNRQ6QEVKFO4MNDZ,10286669
XRP,GCNSGHUCG5VMGLT5RIYYZSO7VQULQKAJ62QA33DBC5PPBSO57LFWVV6P,10044722
CNY,GAREELUB43IRHWEASCFBLKHURCGMHE5IF6XSE7EXDLACYHGRHM43RFOX,9518004
XLMG,GCVNN7O5JISPEYUTLK3JYGBDWCPDIHB4MTG4PMSJVIKJCR64NOXWI3YH,9432552
AFR,GBX6YI45VU7WNAAKA3RBFDR3I3UKNFHTJPQ5F6KOOKSGYIAM4TRQN54W,8867953
BTC,GCNSGHUCG5VMGLT5RIYYZSO7VQULQKAJ62QA33DBC5PPBSO57LFWVV6P,8739765
TZS,GA2MSSZKJOU6RNL3EJKH3S5TB5CDYTFQFWRYFGUJVIN5I6AOIRTLUHTO,8589527
LTC,GBVOL67TMUQBGL4TZYNMY3ZQ5WGQYFPFD5VJRWXR72VA33VFNL225PL5,7956894
BTC,GATEMHCCKCY67ZUCKTROYN24ZYT5GK4EQZ65JJLDHKHRUZI3EUEKMTCH,7951664
ARST,GCSAZVWXZKWS4XS223M5F54H2B6XPIIXZZGP7KEAIU6YSL5HDRGCI3DG,7454750
GOLD,GAJSVHNJ7WNU3M2URGC76NJLL6FDEC5Z2DUJZO24J6MVWLZGE6XIV4PF,7213477
MAG,GAACROE4I6LRXKDKAJ4PKGQHRAU43ZDKRBBSNCVYW5TXBP4RAWO62JAH,7103249
GRX,GAQQZMUNB7UCL2SXHU6H7RZVNFL6PI4YXLPJNBXMOZXB2LOQ7LODH333,6821319
USDT,GCCK3X3KRXHZOO5OVQHGTJKMBWTTNRDTYB3F4NM3ZEUK37XFMYFCSCLX,6778399
GRAT,GAJ7V3EMD3FRWAPBEJAP7EC4223XI5EACDZ46RFMY5DYOMCIMWEFR5II,6719277
SHIB,GBNO52SQ5WBG3N7Y35HO7BOWNGEWLNJCJK4N4J6XBWLCHZ3AZHWOPRKF,6540999
DOGE,GCNSGHUCG5VMGLT5RIYYZSO7VQULQKAJ62QA33DBC5PPBSO57LFWVV6P,6462165
LEVELG,GC3L2FLR2QMUSOJ6QMQHKIWUKEXGOXSIN2KY72SDUHPC2KO6HOSQIXIF,6309778
GOLD,GBC5ZGK6MQU3XG5Y72SXPA7P5R5NHYT2475SNEJB2U3EQ6J56QLVGOLD,6282350
SNIPPET,GCN2I52BQDAHGM2AYZGRJ3N4YQSDTUCHXLITKYFAFCG5DKSEVIJFK4FF,5791127
IDR,GBZXY3R47XIBR5O2EPPQ3P66AHQGCL2TGZ3UXS77IGIEBXV6PMS73TWQ,5741618
KALE,GBDVX4VELCDSQ54KQJYTNHXAHFLBCA77ZY2USQBM4CSHTTV7DME7KALE,5696976
AST,GD37IPUOL42WZKMAMPDCYVDJ4OODFYEKXVQJ4I3QVMHNW6GLRVIPW52K,5530738
DOGETF,GBJY33ZDHNAO6LPHZYPWGIYQ3FHM2QLTTYFOIUJOKY6VJICRTB5AHX53,5159147
STELLARMAN,GACERHSMXTQPNEVNPXZDWL55SLWV7MXMHOZCFSGSSTRXWN4WGVZ34ZEA,5095503
Lira,GBU3EGQOBG2MVHEJU3CV6ERWODNGHNYSPK4EHC3ZKEJJ6WW2V2ISLQ3C,5092778
BB1,GD5J6HLF5666X4AZLTFTXLY46J5SW7EXRKBLEYPJP33S33MXZGV6CWFN,4981832
USD,GC2ATEL4K2O5BJO7Z76MYSV6TKHCROKV5GXEOU7NO2TUEOOMFDDIPWID,4865723
BAT,GBDEVU63Y6NTHJQQZIKVTC23NWLQVP3WJ2RI2OTSJTNYOIGICST6DUXR,4768665
USDS,GBK4AYTOYIAYT4UJECSQGMACUWLKYOOM4VCAUUZ3Y3FG5XD2LYK3FGK2,4766388
PALL,GCQ5ZYECTNYW6BZ47AZN6M5BXKV7ZZ24XPNHPSYZVUDVK7CIITOMPALL,4682005
GDOGE,GBJQWD2FBFFPUMICLLBEWUIZNQ7UVLDMB7NCDID7Z6ORJ36VKJCYW3C2,4624584
ETH,GBETHKBL5TCUTQ3JPDIYOZ5RDARTMHMEKIO2QZQ7IOZ4YC5XV3C2IKYU,4589110
PLAT,GBIMVJJJOTAKJYWJIY5YEXDZ4QIWQZLRJ4BXVHKH6EXWQ3WAEYBTPLAT,4544879
LTC,GCNSGHUCG5VMGLT5RIYYZSO7VQULQKAJ62QA33DBC5PPBSO57LFWVV6P,4420063
ETX,GCEFMSNWXTALXQPRQFIXOMWJHZFDEQJBM26RGEDZUDFMU32JB6WJGRJX,4289564
USD,GB2O5PBQJDAFCNM2U2DIMVAEI7ISOYL4UJDTLN42JYYXAENKBWY6OBKZ,4127628
YNB,GDGWUSHVMXJ5OORRBOCTYJQR3RRT4EBMTE67JX7V3W6GDSJCVLBNDOY3,4097328
LTC,GC5LOR3BK6KIOK7GKAUD5EGHQCMFOGHJTC7I3ELB66PTDFXORC2VM5LP,3983315
AFRX,GBDTAQDRSX3QOEAQQKYWRGOTFE5FHQTLIH5YAF2HGUY3PBKRXWDKBLHN,3971780
HOTDOG,GAENRLBJVADCN26ISXDVF7NRJ3LYDIOMTGDSKOJJGSQVEUKGJFJCI5XR,3931774
LINK,GBDEVU63Y6NTHJQQZIKVTC23NWLQVP3WJ2RI2OTSJTNYOIGICST6DUXR,3916415
XAF,GCNSGHUCG5VMGLT5RIYYZSO7VQULQKAJ62QA33DBC5PPBSO57LFWVV6P,3778821
HAFN,GAQXN6V7TH4STTLF66YYWL5UCU6QGAABPQO2BHGKB2A5HXOFAVQ2AMSW,3422375
SDOGE,GDKZXCRYKOFFSRI37TI4XQCUQJH544M5SRC2TNFTWIDEO4Z6MUZO2FDS,3396041
CREDIT,GBAKUWF2HTJ325PH6VATZQ3UNTK2AGTATR43U52WQCYJ25JNSCF5OFUN,3393697
BTCLN,GDPKQ2TSNJOFSEE7XSUXPWRP27H6GFGLWD7JCHNEYYWQVGFA543EVBVT,3329617
DOGE,GCC6CUE3F7D3YVFNGJH7POOGVYWMPOQLBUVDN3MELCTWNZ25JZQFGXSQ,3288714
RAJA,GBZXY3R47XIBR5O2EPPQ3P66AHQGCL2TGZ3UXS77IGIEBXV6PMS73TWQ,3230159
HODL,GAQEDFS2JK6JSQO53DWT23TGOLH5ZUZG4O3MNLF3CFUZWEJ6M7MMGJAV,3203588
ZWL,GDYG7OEXT7GO2WOYJKRFMYK6PXQTPFRKO4JSNRRZWE4JM2V6QWQR2QZD,3198042
XMATK,GAB66NHLWO2X4CEO6V6KOO3MCHGX6ZTU6PIG32PEFR4L3R7U4PWFIAS7,3193085
MFN,GC55P5MTVPOPPY7NBBS5RPRUF5K3667ZQ2GN4J5GGE6AZVLPC72S5K46,3185567
RGAS,GBZXY3R47XIBR5O2EPPQ3P66AHQGCL2TGZ3UXS77IGIEBXV6PMS73TWQ,3132760
FRED,GCA73U2PZFWAXJSNVMEVPNPPJCZGETWPWZC6E4DJAIWP3ZW3BAGYZLV6,3122571
XRP,GCQEKCSJ7IQTEEOT57T5LXKEYPPEBZGODQZHUYOBW6HKNSXUXAMH376F,3048037
ZAR,GDYG7OEXT7GO2WOYJKRFMYK6PXQTPFRKO4JSNRRZWE4JM2V6QWQR2QZD,3026005
DMH,GBHNN74UE7ARSEGPRJOYEHSAJ6AJMTNVJEF7TN3WLNFZZXIQ2AHJAXNE,3010351
yETH,GDYQNEF2UWTK4L6HITMT53MZ6F5QWO3Q4UVE6SCGC4OMEQIZQQDERQFD,2919293
TRUMP,GDT32DS4MTPXLS3M3HYVFFFIYFCGSG2IFSAYPXAY6BBKQI3UJCK545AE,2900388
ELON,GD3VPDXGUPGXC4DSTZREYJMDNSQRSHAMR3PDGCOR5RZT74R5GHKIEBE3,2843761
QADSAN,GAOLE7JSN4OB7344UCOOEGIHEQY2XNLCW6YHKOCGZLTDV4VRTXQM27QU,2817140
BCH,GCNSGHUCG5VMGLT5RIYYZSO7VQULQKAJ62QA33DBC5PPBSO57LFWVV6P,2807063
PENDULUM,GBQL4O5YGPG24C47CYQDAWBTSYOEUCMC2OLUETLMDFIC2ST4LSWCRQEB,2771131
ANGN,GDNUVPUOMWOF2ML5FA5E4HQDX7EHV3VCJTLLTO563PUMZKMHJUJIJSYI,2756862
SOLA,GALI5MS7DTKBFBPAP4GQUSSJ6D42KC2Y7WCIZMGYZ45E2OCDX4ZCSHLU,2745535
NRV,GANRAE2FXMIU4V7CPLXFHWZNGCCSW7WEVBN2P3ZWA7FWWVED6OJSKKX2,2593857
TESLAWHISKEY,GAT7QUW433C7XRLSJPZMYNBALZ3BJN4JC3DMVJDN36XCIIYUBV7FJ53O,2592833
PENDULUMSWAP,GD4K4475PI45TV2C4PV4XFTDNREVKWUYLWOAVUC2YXFHQ2KYPWBO36QO,2549350
ETH,GCNSGHUCG5VMGLT5RIYYZSO7VQULQKAJ62QA33DBC5PPBSO57LFWVV6P,2535143
TFT,GBOVQKJYHXRR3DX6NOX2RRYFRCUMSADGDESTDNBDS6CDVLGVESRTAC47,2510993
GLASS,GACERHSMXTQPNEVNPXZDWL55SLWV7MXMHOZCFSGSSTRXWN4WGVZ34ZEA,2504433
REPO,GCZNF24HPMYTV6NOEHI7Q5RJFFUI23JKUKY3H3XTQAFBQIBOHD5OXG3B,2481356
QBX,GD5344PXAXLOYBOTEBIFQZVF57HSGSKOC2VRQVCUKN4KS4HHN6W3M3FZ,2476809
STABLECENT,GCML5PV7VISAJOM3K3YS25PTETL2NY7PAAAREDKY62WWP4XFTNGBJRL6,2473446
DRDOGE,GAAZFGI4Y7LAHFK2XNB3RK4Q3GDSVO2C434NSCSYFBY2MCOFZHDFLRB4,2465998
HOTDOG,GCIFDQCNO22SM7JOQPLOBZXBJPOJWACSLSAUY3QN7FBRI6CMQ32C6BPY,2462191
OXD,GDETDYS5V7F7YR2HTTW3W7FQPLNDZLIKLG33FKEKD2PH2EFZSVN72F37,2438590
DMMK,GDMMKKNI5KTQWFEI57ZTCAPFUJFGQSW5YUN5AJ4O2I25JXEU3IL2DZXD,2436562
PEPPA,GDTMNIOBAGPT7FTVE5KWM7EJU3MXU6ILIJRVWOU4XQNSAXGBHVTYO3V3,2436322
LooprM,GAZTOUZT5POPXLYREBQARKMECXDN6OPGONJIKTHFD7BPPAXEJODZAPGX,2419156
StellarNFT,GALZZQF5JXHPHGI5A2ZW2EPL76DU4DWSYYGTPLOAMMEQEEECFSSRIOZJ,2413242
MBX,GD5ASA7ODHQ2PNI7EXJF2XPEWQDLYNJ4KGIVPE4E5CSQZJ4O7EMJNPPL,2378792
DIAMONDHANDS,GBIGSKZ5ZSTMIPGMFHWPFJ6MQTNTXPTZFB3Q2BM6V2Z7QE2G3FGSXVRP,2320627
sUSD,GCHW7CWI7GMIYQYFXMFJNJX5645XGWIINIAEQK3SABQO6CAYL5T7JYIH,2317687
PPLR,GCNY35BGFFU7BIDVWV7YVQF7D57GME3C4EY2Y2XHASHJWW5TDOTF5GEA,2268424
PAY7D,GBYINEWVU5AXPK2OBYPCB27UNHVUHZBJGJHST6TGYJKUXEWLXEDFRHW3,2249707
CLPX,GDYSPBVZHPQTYMGSYNOHRZQNLB3ZWFVQ2F7EP7YBOLRGD42XIC3QUX5G,2245782
LIES,GCVST5ETQQKXAVSVQONYQ2TLF3FLYVN7A4PVTOHG4JXXS64BRZQ6V4Y6,2186545
iFIDR,GBVVM7ZYANANRP3DWVRANRDUU4M7J5W77EDTSZFD62LQ7SOHJD5IFIDR,2153747
SKY,GB2WB73G5IWRXEUTJANAIF52JFTDXOXORAP4S5HZRW23TZG2ONDVZMVA,2152285
XLMT,GDMN4LK7ZGWYQUA6WEUKEFVZGEKRODQ525QPDJGA7LNWJUGRSI42ZNBE,2130034
pBRIDGE,GCYWTDEOHOG54AEN4AGD3OJNIC4U55JFGPNSVGUFEQC47EOHOU2NAJ4A,2084085
BUSD1,GCIEGKAZ4ZUM4PEBTDXUMG6N4ZXOTCCK3UMSJCJ33QE5SVMCTTBKCVNY,2061856
XDC,GCE3Y7JOSI35NIHK6SFHJFT6QTNNM3RRF2MZKSCFVGYOYFA2EJU6FPWR,2057003
yBTC,GBUVRNH4RW4VLHP4C5MOF46RRIRZLAVHYGX45MVSTKA2F6TMR7E7L6NW,1992960
GOLD,GCK75CK3VX5L4ZLSD7HHNVA4L3LKGIAYWLCZO2IBNGOFTBV3HJBE2MPJ,1979864
XIM,GBZ35ZJRIKJGYH5PBKLKOZ5L6EXCNTO7BKIL7DAVVDFQ2ODJEEHHJXIM,1955433
BDOGE,GB52ACWTCWOYQFP5IQIZTFWSJTH5UNXD2TALKJWCNZNZ2B4INUXTKDOG,1947774
ARS,GCYE7C77EB5AWAA25R5XMWNI2EDOKTTFTTPZKM2SR5DI4B4WFD52DARS,1924355
AAOA,GDNUVPUOMWOF2ML5FA5E4HQDX7EHV3VCJTLLTO563PUMZKMHJUJIJSYI,1910219
LFEC,GAG6FS3CR64QJHLHJU7HNXUB4KBLXVDFQBDXM5LG22WOM7CA2ITJAVD2,1880178
pINTERLAYER,GA5VRDJJTJC5OFPKE3QVR4O73MCSKPAJHYFJZ5RKOCDJQ6I5FE5JTML6,1871421
GUINEAPIG,GA36AKN5XQB24W5UQTY3YIANKMAS3WO75PNUQAWG652NQRAYGLPA2CVT,1860939
FINX,GA2WQSJYGSLWFQPNZB2EJERNCR7PNBSWK4ZV3D7VMVS7FKV2NT3JDQKX,1831109
Comex589,GCKTYN5ASDKPB6JDYDH3FCPHYCHIBLSU6H45BSMXY3WRCBO7WIG3KHAE,1819303
BEER,GBL2VH6MT5QGTNQ7P725U2U6HI4MXEAKDCX3NO7OHAM2B6JNZSXLSHNN,1800236
RainbowNote,GCUN33342RRCOQBQIOOQXTJZTF65J6QMF22K5EEY36L2QSDM5DBK52EH,1796854
PatriotToken,GAKYL6NQIP6HOISK73CUVMF4MRWMKN3C6C7PSSG632BJCUFZXJQHI25S,1790928
Apay,GBDKPRMOLDHTVUFTQATMMFUBKRI372YPUTOSEH5SZAFRAAVADTUGSSMA,1787613
TRUMPSARA,GD6FAIEG7GN27ZIY4L6OATLRQYD5L5KLMUQWVPMZT553BR5UM7KLPI73,1745465
PAY30D,GBYINEWVU5AXPK2OBYPCB27UNHVUHZBJGJHST6TGYJKUXEWLXEDFRHW3,1740756
CAFE,GCANS5CZ2IR7VB7KI7AT5HDRH4A3FBC2JNLPLNE45EN6TIN3E2IFWRTN,1712142
NAFU,GBHA4FGPHX7KURMP7CZU7SQ2UOAGTAQ22SCHPK5P5XCQHZXCSVXQJFYB,1700812
ZEC,GCQEKCSJ7IQTEEOT57T5LXKEYPPEBZGODQZHUYOBW6HKNSXUXAMH376F,1691088
BTC,GDPJALI4AZKUU2W426U5WKMAT6CN3AJRPIIRYR2YM54TL2GDWO5O2MZM,1667775
ETH,GBFXOHVAS43OIWNIO7XLRJAHT3BICFEIKOJLZVXNT572MISM4CMGSOCC,1653409
WeThePeople,GBKJG7VYL5AUXRMCUW6OLG465TU25B7RYL6I26B4BTTDJYBEC36PXHAV,1653055
HKDT,GABSZVZBYEO5F4V5LZKV7GR4SAJ5IKJGGOF43BIN42FNDUG7QPH6IMRQ,1651677
CENTUSX,GD7I4VIGF2LJEK6XKZDFLWRT6NFVIXN2CGLVSXEPNWJWTN4QRGX4226Z,1647325
CENTUS,GCBSY6IJHRG4APD7EYZSULW62U3G2YLIVB3ZEPUO5KYAI7HVEOYFIBRI,1643276
EGAS,GABLR3ZUR3WURF7GQS4WEA5NT7TUO6DE5RTSNYOJ5HPHGEZZGUGD43GD,1627691
STELLARBASE,GBGI7COVHHRTOPVLFNZWVCUR5NIXFHLGE3LVN3RS5QIBLADCUF3QAFCR,1587044
USWN,GCBLYNK7PJWPQD5GR7D23AB6AOTFWS7FOQIPQXSDYOLK2A5XJV4PWRE4,1583704
AXOF,GDNUVPUOMWOF2ML5FA5E4HQDX7EHV3VCJTLLTO563PUMZKMHJUJIJSYI,1575142
SKULL,GBGX7T3NYZELD7AFMW7G3FNEMWPFZSA67HDQY2LZ4AWF5I4TPDHGMRKY,1568570
FINTECH,GAJ6C23TL67IEBRFSVIOXBC2GWAN64N6FHFZ36OV27F3ZOQP4ALRAAMQ,1564932
AZWL,GDNUVPUOMWOF2ML5FA5E4HQDX7EHV3VCJTLLTO563PUMZKMHJUJIJSYI,1547129
SRT,GC5GIA44CPSH5AIS7KBAWVLLBJ454765UCUHXHT3RXZYNQPEBY2YGMOJ,1535192
VZT,GBENYXZDFFR2J4F4DB3YPBBAM244TXYOTIOOUQI5DBT3OKUU4ZJ2M7NO,1532166
CTG,GD6BGC6CCDFL3G77GAPYXGZLUUQIL2CVOPKFVYT35FE23HVL6JAJ2FFA,1522500
PYUSD,GCSJYLXJ3LTHGA74MTIHTRNXZH5BKBEIWDB7LI64YGWGEA5AZMCVTARX,1508484
BFIRE,GB7U643OOUENEYK5NKFPSLX432P6PMNQITDWRMU2RVG4PXBRTHAVJOJW,1497879
SUGARSKULL,GC2OZUCAYT573GYWXANGQS3XXGDH6YP772ZV27JSVFWSEXJ6E22E5PCS,1482537
STD,GABRD2ANVDM5XKMHIZ5K4JDAFLSAKAAHP3WR7DOPZJHALWE5C5UXSRYV,1474515
XAGTOK,GAGLKQ3N4VIZXM3KYSMNHOWUD6E2JFG6P3EUWSYXJUPJI2CA6LJAYFK7,1457191
wXLM,GAFLAGH6IIPXU22ZOKT2DYXJECOCJRYDOGPKM76NCYLCQT67DH6VMII7,1456330
XAUTOK,GASO2ZUKWYKH4PXYHOWYMJCAIK5P7I5SMH5F2HWIWWWNMJZAPHXIVR5R,1427147
KOMA,GCAZQOZASJVXTVRWF2KVYX2VCSIQGCY7X3CNVCZLRJSO7NPDUZAC3BAR,1425639
ETH,GDJLBEEVGEPB42TCSEF4VYHSLQZJGZ6EUMXNOANI4G2XMTJCDBHF6P4Z,1420053
BTC,GC33QUM35DONISNWLDPALVMIKGPT3MNDU3NJVNKR7K4NG3RWTKKBUQZA,1399218
TheStorm,GB52CBDH2TPBZ6IHC5WUT3BWRAGCNXGQO25KGK45HLRIV6OEY5JGWNMA,1384222
BLKG,GA77SMJJOCTGO5SPRZB2OHPL6MB7S5IN3TBJSVEVICNVIMR7J35KNT4X,1368454
SUN,GA3QKVTHGK2PRYC4JDQNOCRPHJKWKCLGFH32LWADL6E7URQQ2OY6GOXZ,1360384
enec7732,GDS5JKWWPTISJMFVUPC3HOJKRXMNJNYDNM2OEXDG3UEZ7RGG7X3FIZZ4,1359768
CMS,GCVBUIXKKLH2DYHZRSLZUIZSVJUL74RTW6FVCCEYB2OE3RH7RVDBPCFG,1352390
MINE,GDOGDD2OO2WF4I46X3R4VZOMXMQZXRBVV7YKHJBLEEWTM66KI6NSZ2IN,1335681
XAU,GBXJFIGPL7RMHSBLM4HTOOQ37JKSXKMIM6I7FLZVYH4ARQ625Y5YR2Z6,1330688
CMA,GBWZHAVWY23QKKDJW7TXLSIHY5EX4NIB37O4NMRKN2SKNWOSE5TEPCY3,1319399
RIFT,GDIOTH3CAMGPSOZHIBAKAK25EW2ZIM33G4EUMND26I2WGOHCY3V2G2D2,1318000
CPR,GCVAN6WSFRYAL2JCZMMGDGHEYUZVJKUQ7737NEDRNG4OE4TCJUJ6EOU4,1289047
CUMMIES,GDNQRYTC7Z3WZ7BKHXDHHSOP6UAYBWGBLHD5G6UZLQP5AUTPCOTBXMB5,1246058
AZCARDINALS,GC6ZZ547SKJMFLYQ73SWEWUJZNXAOI5UHWH2KFBQBVKWTFODLAKUNNFL,1243238
SDOG,GA2RWXMOCASLFYL2GQTRDLALXYARQAWZMQVSOIFFOOF6GDZ2A3QX5A4R,1229384
Awakening,GBAMUHCS5UYTJAAKCJCCLSPJ5ZEWL3W5FCX56DUH3T4ICG5YDW275UT7,1227151
TIDE,GCEDUCADAS7GPOZFBMFXLFN377IAH3C7ZKXFZIXHN7SQFRYNZA2RJ7OI,1226267
ATZS,GDNUVPUOMWOF2ML5FA5E4HQDX7EHV3VCJTLLTO563PUMZKMHJUJIJSYI,1206582
ARWF,GDNUVPUOMWOF2ML5FA5E4HQDX7EHV3VCJTLLTO563PUMZKMHJUJIJSYI,1201932
MOONPLAY,GCCXY466HCX3UYLPHGSHTCNQGHV4SBRLC4XFVPZHW6BOV5PXFQ3JRGJQ,1198876
XTZ,GCQEKCSJ7IQTEEOT57T5LXKEYPPEBZGODQZHUYOBW6HKNSXUXAMH376F,1190709
GSD,GBNBKXNYEZ76UJE5CQFVKWP2S2PQIK3SDM3VWEWLIXGCJHL4YCVOBF2Z,1176947
AMZN,GDNUVPUOMWOF2ML5FA5E4HQDX7EHV3VCJTLLTO563PUMZKMHJUJIJSYI,1157380
USD,GAVAD72MKI7CWOR5QIH452SO47N2JQEQO3IMIFUXDS5U6GXLSEGYELAX,1152267
TELE,GBLB7GJZU4YJ45VSBKCERJ3FL2CSG26TCKKCW4QVNBJ3GOEQGOE34XEI,1150135
AmericaFirst,GB3UZEXHR6T6DSTFFZXDAIQR25D3JPF4YT5NPF6TWW6WIL3FQAHAGSTF,1140498
ONION,GCGDJRNCU4CKFAB3RXMAXJHI75KRKEMNILAYNLNHNE3UMN7ALEXWLPWS,1132909
GRE,GBOKLHXOXBISEKY7K4YV37A3I6KSWSNIJ6VLKKDHECIOAHUI7UTKOYKK,1131902
CM3,GDU2FEL6THGGOFDHHP4I5FHNWY4S2SXYUBCEDB5ZREMD6UFRT4SYWSW2,1130428
TrumpCard,GBZVCYOIKCF7YG6ICF7IUNJ2JHVUKI66ULAEVIIOCBQIVQGK53Q4433U,1117156
SGB,GAME5YNKHIPRSMN2BI3HLS3OYD4NE6FQ2WKUUJPYYM6GU4MRDUBPHN6B,1114388
ABIF,GDNUVPUOMWOF2ML5FA5E4HQDX7EHV3VCJTLLTO563PUMZKMHJUJIJSYI,1108129
KRPT,GCX5C5K2LZCM3F5FKKCHPQDQY3DC2K4BAXZGFMD6LGBNCXW6QTPVTREW,1099217
MDOGE,GBVXQYO6WS62QWMJMTQBQZLZAED5VLKEXCUKSQJVN4I3M3AH3KRHX676,1091413
MAGA,GA32JBA7D72HNI6B5PB4EZQMC34TCQFQK7MGYXJ2KAKTGXU2QMWSGLD7,1079102
WWG1WGA,GC5N3ALBPGAT62DWPZCWEQNZ2DNOFT4VSHUWKUKRP6JVJU5Y36RGETT3,1067533
BTCF,GD2NDD3GLGIBBTIUH72NB3AAL367C6ZYULFO7QJQKW6NB7H4QORDHDLD,1036690
DRAIN,GD3G7RPMMGPS7Y3FBEMRZQCDHHQRLIW67ZB4T57AW5SZDVJHVUD7PLUG,1034158
CTX,GBFH4VACBGBJEKNZIYFZ57ZL2PY7LKSASSH7QIYK6LF4BVKJRF5W3QKF,1034037
PARROT,GCAEW4GPH4A4L2G6TLWHWNNLTMILMD4QSW7F5HQAB6NKC2EZVV2YDVPM,1033421
ENIZ,GDLMUA4ZQSU3LMKEW7LETSIYLYMATTGVPXCHFRRTGQTF6K55XOQIENIZ,1030827
WAVES,GCQEKCSJ7IQTEEOT57T5LXKEYPPEBZGODQZHUYOBW6HKNSXUXAMH376F,1021138
NUC,GBD34FWTQRZTW2XSE2HXQORNAVJM2CQ4QVIIVRDHUXXUKWV2V65GJ5YR,1020845
APA,GDOIDHQ3QSDTTPFX3GKBCFY7BYIGOWBHTHW2R3SNHWMYIDVWH5I7RURV,1017614
PYBC,GBVB43NLVIP2USHXSKI7QQCZKZU2Z6U6A5PAHMIW7LLNVMQJTOX2BZI5,1013557
CENTUS,GD43GJWAV4WVMW5O4LL27FFFXF5SFNQY7NYPHOMHFHFNYAI2W6OTYEMU,1009976
CM10,GDBCHKTHJUKDGSIQSTBUXFWVP3QVART5LED6KRZQ5X4Z5WLT4BGYXWCI,1009805
SCN,GAVAR4DWFKNPXZNNFW6Y4CLU6SIXNWHBPKHSYWH5O6V4NVLOLFVBOMCE,1006480
ECOM,GC7DWZQHXOGHXMK7ZLN7Q42SNSRZ72M72LZG33Z4ULN4K6XG3AT4EDEI,1005725
PETRO,GBSBGGGFAYY2X4XU4P4KSW4WXMX4L4MSS5JHME2VOUQLOYP44HSVXGMA,996388
ACDF,GDNUVPUOMWOF2ML5FA5E4HQDX7EHV3VCJTLLTO563PUMZKMHJUJIJSYI,995891
WHIPLASH,GD433VZYCLHOQL2AZZGRXCDU7JGPMOY6NC732WQJJ7PN6JEWBYBWANQK,991880
DEXO,GDJORZLOTFG4SFF7BOYYTGPRJAPOLEW7GAQMI6AAISRHHJTPGI6Q4O4D,971829
DOLLARYDOO,GBB7GOVJGVFMZK4O7KPY755DRCY74ANQDSHKJFSFCEGR3I4EAEEDZ4D6,969028
THESENATE,GBMNC336VCPNQXZY32PFXBIMJSOU7FMGIREGAOG6LDJW5AEEUUSVNYH2,960434
88LIONSGATE,GCVLIONF42UANHUXIKQX4I3DOBTKKWBKIN5ETSPYYNEKYMLJKI5OYEOS,958352
DogFish,GBACK6N7E6HPCBH5QM4BNM5PGQOAHT2JB6CUXPFMG4F5VA5HXY2FJRLN,957551
JUBILEE,GCKWPVWVC4UIGM2OATZ2DDXLAPOMC7AN76D6CFL7ZTPQPFCYVZDLN37L,934000
UNI,GCQEKCSJ7IQTEEOT57T5LXKEYPPEBZGODQZHUYOBW6HKNSXUXAMH376F,928270
TRX,GCQEKCSJ7IQTEEOT57T5LXKEYPPEBZGODQZHUYOBW6HKNSXUXAMH376F,925782
ORANGE,GB76IMWJ6CZRREE4W6GXKK37RZYLTAO5EHQHXV65F3VSX23MYVSHNDKB,921567
PEPE,GCPI26UHLDB7O2VLHEQ27ASW7E6LFALJ3AXIEMLIQBCBWN2VYLDL4UTL,912720
DOT,GCQEKCSJ7IQTEEOT57T5LXKEYPPEBZGODQZHUYOBW6HKNSXUXAMH376F,907680
XPD,GCWJYGLODM2G43P4BHYAENEU6VNF6AZIM7WRRGUSLW3WXHZH2IQK4MRJ,904726
ABDT,GDZURZR6RZKIQVOWZFWPVAUBMLLBQGXP2K5E5G7PEOV75IYPDFA36WK4,897272
NFTXLM,GD7576XBTZKQMMX3J6BQBLXMM3RD4SFUIIKHUYZVCFPZIOMS7RUPZV3E,889806
JFK,GBQG74JPPWZUD5OG4CP4GNJC7FMVMAVSHGSAAMW7OIMK234OQCG4ET5U,886865
LTC,GCQEKCSJ7IQTEEOT57T5LXKEYPPEBZGODQZHUYOBW6HKNSXUXAMH376F,886148
WWERAW,GA2KSLEVVSZNKP5C6HGY5QE24HHECYF5J36RN4F2KK6NF55EYEN7FGVK,880016
XPT,GAFPPZ2KVIJEVQTCWGE5D33RRX7CLBDMOTDQAUUT5S5GVC3K3ZU6NRSZ,872588
CTC,GAWBT6SB4ODLHD3D35WMPLOITXKU7ZYLL2VPXEJXR3Z2ASKKLP5GP4OH,861327
Gold,GCWRAHABTJ3W2VSLSNE3Q3QDJVK62FN3ZMXMJLA5ZUZ3V3WWPRX5OKLW,853619
DBC,GDGHJL32AYPBNKLJQXWEASJVXBDWS2JO7LICIMGS4JVIPXH6KGO5SQBS,845246
LINE,GDUCT5M3RYMD3RODRGKB3R46WSNAVFIDIB4PFMWUKKDJ2DG3XEEUBUL5,844346
STP,GBKS3ZVQ6H6FGXQYZCVKJHN3DJLZ57B3AS64HDSN6UVZZEJIAPLQGQVI,840640
DOGE,GCQEKCSJ7IQTEEOT57T5LXKEYPPEBZGODQZHUYOBW6HKNSXUXAMH376F,833532
SOL,GCQEKCSJ7IQTEEOT57T5LXKEYPPEBZGODQZHUYOBW6HKNSXUXAMH376F,831049
FreeSpirit,GBT2QKX5B56HNJDJ6BX74RXOCL26VAECDCH43Z5F5ME3KL32O6GSMYRT,824387
IDEX,GBFGJH4I4LMAC3NFH6262Z32JCXT6TMC7SO2XPKKJ5S3GAZHPF6QVHVF,823481
FLEX,GAJPEST5EQ73Z3LNXFC4TU5T5PZ6YCOJUPGPALWPMOP6L57YGZWITKJD,821416
MARIOGOLF,GD5BSBJSOZPTAG4CEFR2BJPS6N7F6F53BYQPPLBFTL3F75KAKUW74SOT,818338
WSD,GDSVWEA7XV6M5XNLODVTPCGMAJTNBLZBXOFNQD3BNPNYALEYBNT6CE2V,815510
BANDCOIN,GCMEPWXKQ4JCBE4NRRFTPAOP22N3NXUHTHJQSWRSKRD7APA6C7T4ESLG,810746
BILEX,GDA2N66ETPFN5IOFTY4VDB4FV4OSMNFNWAAF7NAQ4ZP4VJ4VYGSRPJ6I,802908
SOLS,GAWTJMZIR4KPCZ7BQZK6QRAJYT6FOIM3YP2MKGWOYHPJYQQOIEJWFRED,802361
HOT,GB6DMQ5IZUPRRMNTPU4H5FX32DRYCZ447REBEQ32YGVPPGZI5MX4AHOT,799839
CANNACOIN,GBLJ4223KUWIMV7RAPQKBA7YGR4I7H2BIV4KIMMXMQWYQBOZ6HLZR3RQ,790538
ADA,GCQEKCSJ7IQTEEOT57T5LXKEYPPEBZGODQZHUYOBW6HKNSXUXAMH376F,781516
PROTON,GACR4Z24V64D2WO753OHJPBKKJMIL5DUQ736VBDGAFF7Q7TKBEXRMZKW,776126
LRT,GB7EFWTJFVSB3N6F5YJFWK3SHYJ7YI3O5RUUWLF2PWREPN4QNHLRWCAS,774814
QADSAN,GAKGQRKHKIL5DMOG45JVKATVHUFXJGJBM6EIG5STOS2JFFKD5TVQKZSY,770291
REWARDS,GDJIZCFPQE7CQI6BYKKENGOD33ZOM5422LZJOEHQBOG3BBPTFXQGOVQT,768718
AAVE,GCQEKCSJ7IQTEEOT57T5LXKEYPPEBZGODQZHUYOBW6HKNSXUXAMH376F,762311
CALL,GCZBJ6KTNNGYFJUHM7JLIVPXCKF4244KGIULAFITYXE2NCSP2CW3CALL,761572
ECF,GCTEYZ3JHOILGDCCGCK3T4ZTM6COFFN7AR7NVXSHYYTEJNGB7EB2N2VY,743372
TRUMP,GBD3W4ZYR6O5H4GIUUAYHO5TDT5PALJASOCIYNTYK75JG3N7TAWIF5PY,742632
XLMRIPPLE,GCQ7XS5GK7YH3EU6JSUPY5CCDDJKBJD3Z4IAAH4BMJT6PZV26K7WFWNH,737420
GENESIS,GANISAINTV6JEBPJ3S6ISZIGWTLJT66QNFOYLZNCPAZLUUI5XPIUYMO7,735785
INTEGRITY,GAOOA6BGLMUKF67ANURD4YME6KFBRAS2JL4XN6BLD5VD4KZG5WYQ6XSG,727114
BlueDiamond,GB6JUGMA5TMLZGSOHJTEIARYGZQEN57EXTNZNCGO7VBYDZRNVWE3VLM4,719547
RSI,GA6GB5TSN7M7I46ROJS4RWVYY5NODKHWCWBLRXZEN2ZATRCV7GFPJRPY,714334
LADYDI,GBD3W4ZYR6O5H4GIUUAYHO5TDT5PALJASOCIYNTYK75JG3N7TAWIF5PY,705328
ICP,GCQEKCSJ7IQTEEOT57T5LXKEYPPEBZGODQZHUYOBW6HKNSXUXAMH376F,694306
BNB,GCQEKCSJ7IQTEEOT57T5LXKEYPPEBZGODQZHUYOBW6HKNSXUXAMH376F,692631
IOTA,GCQEKCSJ7IQTEEOT57T5LXKEYPPEBZGODQZHUYOBW6HKNSXUXAMH376F,691798
ALGO,GCQEKCSJ7IQTEEOT57T5LXKEYPPEBZGODQZHUYOBW6HKNSXUXAMH376F,684244
ELGOOG,GCXGEFMH3MAXCESR2E6TT2TEIVKJ6NO6B2OYDKUQF3FJGP35OBHXU2KU,681802
BTC,GCQEKCSJ7IQTEEOT57T5LXKEYPPEBZGODQZHUYOBW6HKNSXUXAMH376F,676859
XNI,GAREWGATUELLAK7ZQFOD44JF5U6MPKSXQB4OV64PQE2MYOY7UPK3YYJI,671171
ETN,GAJSZCIF6YHVOQOYMAPFHHDYAP334ID77YOLRPLBB3D2OOLXRQ7EVG4P,649854
JFKJR,GBD3W4ZYR6O5H4GIUUAYHO5TDT5PALJASOCIYNTYK75JG3N7TAWIF5PY,635605
FKGOLD,GAKRSCYI36DT5R6C4CRB5EGAGBWR3VNFM57NKDUI7HDKMA7BLX5QQUSA,632320
SEALS,GCIJ4WXMIGJTVN26TDTBW3EHTLEJFYTVQKEP25ZNF3XEW5E53ZD4BLVO,626627
TREEP,GAVBWV24PZ6POVQGQO5UEWGO3TO7ERYXRFFI6V5VH3BMTPDZOHVOFA3G,619692
MAS,GDGU55CDRBWSCHX6TGOAYZCRVWSHURZT3GJQAPA4OCDS2MM45KZPGJTR,618994
NORA,GCWLS57RYB67I3LYXQECRVSRB62OVQPF3U2DCTDJLJ5ZETY6TFQ6VL2W,591046
FEEDTOKEN,GAPN5PVGCA4IMVAQ5V75FTFMBXUZQEMI3F2GYB4NY5Y6UWK2BC2ZYBCW,589475
ATOM,GCQEKCSJ7IQTEEOT57T5LXKEYPPEBZGODQZHUYOBW6HKNSXUXAMH376F,566084
XLI,GA6D3EMUMRLTQAU2M3PXV77KHKAJ2HFNHCRASHY4UTNNKZD45NAHUQ4H,565810
XNUC,GCQLTOYAVU5RMSMA6PYYKXEM7Y5GTOW2LNC5VZXT3MF72YYAC22OC3GL,564835
SKISHU,GCJZ7EGDO5LTX3U2IW4IODHJ6O453KX7STMC4ISFUZ4DVT4KC6IJKUIE,549039
XFF,GAZEX2USUBMMWFRZFS77VDJYXUFLXI4ZGFPWX6TBNZCSTEQWNLFZMXFF,539185
HOBONICKEL28,GDITAX3D5AOXY5ZNONZF76HHST6RAJQ7RSOYA4TXHRNWW4IUUNKJ6UDM,537242
Q,GD5B5NLPMY45NKWTBGSLXCBU5ZAKDP25OPLCE2WWG46ZA2LEQCLTU5BX,534416
PHX,GDWMI5LHWWJ67LLVZS72BGGCBNWHJU67T4QTIE43VQNAVNR5MCH6K24X,527420
XMR,GCQEKCSJ7IQTEEOT57T5LXKEYPPEBZGODQZHUYOBW6HKNSXUXAMH376F,525377
RAVE,GDI5LKDFLDFS4R5X4D47OD3ISEIRWL3SONEKZVUAYWGQQLTDGJ4AI2RX,524444
SHIB,GD2WEVG46WHUMADE2C7EZPCNF7AES4HGNTZTBGIVC5RR54RNQE3UI7KB,523625
TZASILVER,GAJ4N3R4LZAZVKR7MLCXVHOHF7X2RYCDDJ5VCA4X4UYOFWZV3NZXTANZ,517040
XAG,GC5W7XYTZNN3MWO7FOVWRUZZQNVKGIGOWNHKIJ3NYCYNA6QW5Y5WMWVK,515425
BTC1,GCIEGKAZ4ZUM4PEBTDXUMG6N4ZXOTCCK3UMSJCJ33QE5SVMCTTBKCVNY,510672
DUST,GDO6LNF7EEJS642LKPEXG5K2GQZTGADOFPJ5A34ZYHUYIRVGZMC7DUST,508886
XMC,GDXVVEFXCCZNKUNF2NF7BCNFOGYDCGFPBFM7KB4JTSM3AQF5GOCIHT4Y,507683
ySHX,GC2DJG4CK77ATZKAK2EPQK64PTLTY3FSOPS44NXVMDLGBVOI5BDIYSHX,490860
KISHU,GDCIAWIE2LZ6B553EKX2S5CFF3YMJD66DPXS2VLMXBNVZEXJ6XJYOZIN,486444
TanzaniteGem,GD4X6NILXB3O6BXHYHNUCNP3QYPP7EAD7O2GK5HA4EHDLN6C3M722VRQ,477862
IBM,GC7FABWS7OABOQHNH6TA3RNUUDGO5TWYYQUMCHSBQ5ZOOI2WNW2D2IBM,477584
RAFA,GCQEILHHJY722RZN7644ODZSYU37ZWFO26RHLTXHXW44UX5B3P6BEYKK,473085
EPAY,GBZXY3R47XIBR5O2EPPQ3P66AHQGCL2TGZ3UXS77IGIEBXV6PMS73TWQ,472257
neco,GB5NWTBDWP4S5YEPLXOPAUFAENOK7KM3Q6ZFZ55TGGQYIZEPFT22OL4S,471872
IXINIUM,GCQTMTNBGWPK5CM7WJOPFC4UJMHXELZQ2AXXVIE2Z4XFDSUUXJJQU273,455423
EOS,GCQEKCSJ7IQTEEOT57T5LXKEYPPEBZGODQZHUYOBW6HKNSXUXAMH376F,450264
USD,GAQTQSTVA6QWZSWTE4CVZLU6XDP3H3DVEXIIG2XMZGMLY3XCY5GZMNMI,446974
StellarSkull,GDA4ZWWN4ADUUHVHC34M32QJPJZV6NSTDW3UQTI4BDRKH6IW5KG5KAPS,443221
KES,GA2MSSZKJOU6RNL3EJKH3S5TB5CDYTFQFWRYFGUJVIN5I6AOIRTLUHTO,436470
XRP,GBXVMUV4TYSNW2ZNAN7M5GDYMU3YYADCRJAZR7LJTMDTYHN5NMRYEXRP,429721
COLSILVER,GBIUSF22TQKBMM3JRJNAFPASFOINN3NI3IRXQVFXL4CX3HOOKJFNNCOL,429435
SHX,GC2O7NDIWV67AOMMBHIWDJS5ILM6G6D5TJND6NWXJXZHI3XLE27XXSHX,427205
ETH,GAC63S3QEA5TKKGPLSLGCUSAFASDNO44XDWDNGLPM6UZSBLXA7W47JGZ,426905
SpaceForce,GCJYPBFQLRJ4YPHGGYWGJST53Q5SZYQO2VNVF3SBD3YNXM6ENXWPGBYS,426457
BTC,GAC63S3QEA5TKKGPLSLGCUSAFASDNO44XDWDNGLPM6UZSBLXA7W47JGZ,426451
HEX,GAFWA2DAM34MK3UVD34ECEHO5QIO2ILHLFOPJC33INPGUPLBC2EVNCSM,422742
BONUS,GCP7IKROLJVDTQC34CNZGL6OAAWJ62H5MO3IST7CTOEYK7GWRR4CHDUH,421073
XLMG,GCTQ5CUMQWSVBGCTSTF2PCTJY7ANLOF3B6UALQ6BLIF2NIDB4NYAF6SU,420901
ETH1,GCIEGKAZ4ZUM4PEBTDXUMG6N4ZXOTCCK3UMSJCJ33QE5SVMCTTBKCVNY,417810
DOGETM,GAELISX3N25AZ3ZWIMLERBYZKQMKFJTR4ENDSTA2ZSOCDH5E25ZZMGKA,415880
XLB,GAMA33LC7FK5RF4XE5HOVX456GX4VHDZUCJ7APY4TZ4IHG65ZWVXD333,414159
Military,GBWHYVDUF2TNQ4DJQI3BFVJPNV7BJVFFBVF5CSQB62NDLMIUN7AMPDDO,411974
ALSET,GC6RHO5KWZFKDSFOOU2FTO7DTN4HUHZ5FWF2BLSHGOHHLO5NGJPWRGUB,405010
XLMC,GDXDSWHDDV4RVACN2HGJSSM5M7BLPKI6U6VGP4OQSCPH4BYXXAPDQSKA,403399
RUM,GBUQ35KGC6L4YBEWLGKNJKIIII7GBIGB4BJW53H54HSZE33DFSTB4LXX,398652
XDC,GCDHQNJ24C274ADWUZVGVWMUKYM245TPLURY4ADVXV23CCCTANL3PUOA,394923
DUNBAR,GB46WASWB3RY6YGF4BG7HNGCFMNRL7QEYZTZ67IB5ELNEGY32I3WPROJ,390634
SHX,GDE6VDVKEY4MHGZUIPRTNSNXIX5FGQAERI3LNVOU3IAAEQYYE7HZIRDZ,389152
LMEXLM,GAHXNHINLMFGQSCE5QJR65IBENVKUWZOXNX3V4JU6GA343TUD2F56Z4U,388839
LCINR,GAWLOWOROQTHJXY7SHOX3KANJAHBTL4S67M5RJP6NPDSPZSASTNAK7DP,384741
FINX,GC7N3EWH5IVYHF7USMMOGRJ75LGZZ3TH2HZEO3KUWLJ3GPYCSCD2S22Z,380962
QUBIC,GBQVV3OX6CMGSL7RGPBMBD3PCWRKI4TOLY3B2EIOVFEANFHVQUPAY76Z,379689
ORG,GCXRV7HJ7CM72QTD5UOQD5B5GG54AXJFJSBQOBDELH7X3VFPKZ2I3TQR,379530
MKR,GCQEKCSJ7IQTEEOT57T5LXKEYPPEBZGODQZHUYOBW6HKNSXUXAMH376F,378476
LINDELL,GATGODISQ2GC47RUPZHRZVP5ANWGHA3TBW65NWMKMTZDUERFZMGPY56P,377609
DOGET,GAGNJFFZKGSGZFBMJBCYYIA6L7PREFLJ2OVBVL64JVPVEJJINU4L7655,374977
XLMNETWORK,GA7CWR3OWJVEMH466Q2R54XJCLJKTHNV4RGZGNTXJVSUQAQINK7HY7OW,372089
QSILVER,GAM5E45JMMLMZLU4BTY3PN5TO4GVPBU7MN35OAXJUQMWG7PT544METAL,365524
ASD,GB3RNZA7QRAQDCY5JYV3RVVUXZPQPREB6IAYKCJTVSGSSEL5UCV3ONGA,363793
WHIPLASH,GAKCPQALRFOVGT7UBYV2672VTWQAAWGQZUXQE6GZDKXFFDSHEYVDWHIP,361762
JPM,GAKRSCYI36DT5R6C4CRB5EGAGBWR3VNFM57NKDUI7HDKMA7BLX5QQUSA,361754
IBMQ,GDXO4C33IEXGF4TE4RRZFCJ2N4RVV65UAGTYHRMFC4KAP4RFD2Q3IBMQ,359546
LINK,GCQEKCSJ7IQTEEOT57T5LXKEYPPEBZGODQZHUYOBW6HKNSXUXAMH376F,357038
AUSGOLD,GAYDBWHI6EYG4ZGF5SAMXNTFBX2TLBLQ5AEE66LCAW6GMS7KRTQPGOLD,352073
FISH,GDIQISYK3ZJEL4LAKXRQEXC4XFSUFCC2DALPTL7VYWZI62QEP42FFISH,351102
UNIDO,GDF2TYICBFXTD5U2Z7EQTZO7DSBHPIQ4CN2TPLTIPQLJLEHR3V5TAUNI,349842
XLMMega,GAMH54QWYMJ2NACVBGNU7PPWWKIWE7L3QXGGGI65QO6ODJIDRAPZQAYF,349356
BCH,GCQEKCSJ7IQTEEOT57T5LXKEYPPEBZGODQZHUYOBW6HKNSXUXAMH376F,348854
LINE,GDCB5GMUDW7D5DXQCAUA6ZK2MF3BV2J4HBJG6DHS5LDUIYQSXQ6NLINE,346855
RKYN,GBJXKR52SIL2W5M3H2WRKYYFHPN2CEWR34UPBR42VSB752RJ4HX6RKYN,343512
XDC,GAVUE76Q7OB2YLKOLDHNGEP4VSKOQEZGMXECDVD2O4OGZH4244KETBAX,343046
COSMOOIL,GA3QM6PTYR3MLGXSPMWP5F2PTAQKORTSWMKMFOYLIGV4NI2X7SKWCOSM,342806
SGB,GB3CRNADBGTVABSTWJMCZROF2FIQLTI4VZC25OFAHAYDHUU24BEUDSBI,334274
XFLARE,GD7C2AUMWBYJAYY75I3ZZYWM6CX26KUFFDRDYZ4JRHKYJ5AGSJUXZU5A,330123
DBC,GBHD5TDFXKKZB32TEE7T6OM4WWME4X27DTVSVO26ZVZYWMWN2MT2552X,326944
eLAYER,GBG4BFUGQZQYMAZ47G3L23UN4BS4SXXABPVULEJURVEVMS5PYBKQELON,326252
eMAKER,GBG4BFUGQZQYMAZ47G3L23UN4BS4SXXABPVULEJURVEVMS5PYBKQELON,324656
LDEX,GCP3ENO3QM7HTOD6V4NNMRQXAF47YYECL52WH7YLNADUDNL4RDDKLDEX,324603
DRTHDoge,GDIXFX7YDZXXYRL6XMCWCOEH6D3JM6BSUX4IZRNSATPXNH6MJTO4EQHS,324571
KELP,GAZVWSSHMB2VX5SY7K2YMCVA55VMRPJJ2ZZT5TY3W4S7YLTVB3H2KELP,319855
LINEG,GDZWAODNEG4Q5FRLTK6MWG2HDWLTFJD6QIAVFWN5NF2RZVQ2OAU7LINE,318965
DASH,GCQEKCSJ7IQTEEOT57T5LXKEYPPEBZGODQZHUYOBW6HKNSXUXAMH376F,315596
CLSL,GAQFSAW5NR5R4YVINHUWPW3KVPEZFCRB7KL5FBPVCGJLXUWSIBCGCLSL,315119
PI,GDDB3QZSCUUB2HUFJW24HDJKULCQU2Y7CHXZSZE2RZVKURIYFUOEMXNY,312018
YBX,GBUYYBXWCLT2MOSSHRFCKMEDFOVSCAXNIEW424GLN666OEXHAAWBDYMX,310606
CSM,GAFWA2DAM34MK3UVD34ECEHO5QIO2ILHLFOPJC33INPGUPLBC2EVNCSM,309741
eCORE,GA6AOTVLI736FYIRQUFGMGXELOT7ZXQI4T6BTRAHTONKYFEAP66EELON,307279
BOLSILVER,GBUIE2JMJMDTGRHATCBY7ZILKJ3LALS6SYKJK5WQWBSAWBMMHFQYSILV,302256
FKPLATINUM,GDUZXK2FIGNQIZLSMEDMKZLPA3CXW3FXEGU2GSVPO6KOR5WVJHHOQUSA,300099
EVER,GDRCJ5OJTTIL4VUQZ52PCZYAUINEH2CUSP5NC2R6D6WQ47JBLG6DF5TE,298040
MONEY,GA2KQTETIRREL66P64GV6KCVICPULLDVHWJDZSIJKDLIAGBXUCIZ6P6E,297815
AUDT,GCFMUFXOSGZSGJXAW2UKC6EKJDAKXR5BF47QVGQSPMYV5MAZ272HWAUS,296818
eCIRCLE,GCP2DC5TUYN27WSJ3XL5WBSZBALL2DTQOFFRECVJE4VHNAU33A75ELON,295455
eSOLAR,GBG4BFUGQZQYMAZ47G3L23UN4BS4SXXABPVULEJURVEVMS5PYBKQELON,294364
TECH,GBFYOKXP3RDBFICVHGDPF4GYKI54FJBV7VTHEAUACMHK7RTR2GEUDEZH,293695
eLIQUID,GBG4BFUGQZQYMAZ47G3L23UN4BS4SXXABPVULEJURVEVMS5PYBKQELON,293412
NESARA,GDUZXK2FIGNQIZLSMEDMKZLPA3CXW3FXEGU2GSVPO6KOR5WVJHHOQUSA,291652
VITOL,GCXOSD5IQ5RTTPM7JUTJH7E542JPUOYXPCKLCXVDHUD2AHWFXNYUKVIT,291421
EUA,GB3OE4IBQTYQFZZS5RXQHE4IPQL7ONOFOSAIS2NFRNMJKZEAI3AAUT2A,286171
XYZ,GCQHDR2KSCVNULFX3C2NKFEXNJEUELJVMQAN3OCLAM5KXG4DWQSRMXYZ,285378
ELPPA,GDHIELFPBA3Q5M4WN32U67PBHNRUFRSADNVLBQ5W3F7VJPL6H62QBKGN,285099
Hu,GBEHADLIUFIOGCTR3VZFHIGRDFX2ICBAPXSOLYPDY2HL4EMV6RQAFO7U,283988
GINSILVER,GAJB6GGEP3XCOIG6AAZA67BMNXBDNCVJZL3TMNULZRC5GYXDDTRYVGIN,283057
LEDGER,GCLPMW3OR2Y3ZYPAOO7VVIXXVBTNOPDGNDFV3YYW2HBJBDGXRCUXPROJ,280809
XFLARE,GDO4HS6MCSQN7BHWOS3URVWTKO676N2KZQV2UW7H554JCYXSENAUXOVL,278423
WDOG,GB5TWYZTZIJKFGZH6LG7GCV3ZWLX624B7B22WOPMYFUK5LDYKQ4AWBRY,277657
ENERGY,GCXOSD5IQ5RTTPM7JUTJH7E542JPUOYXPCKLCXVDHUD2AHWFXNYUKVIT,277166
CODSILVER,GCRKORLDVAEO5EQWPN433KWQ2D5CIBVV4HOYAKE5NF7HZ6HY4AVBDCON,276342
BLACKROCK,GD34CA5KSZERZQFYB545XASMRKFNDUNWR6HCK2LLSOXN46JF2BQCJ2PM,274063
wSHX,GDAPJ5EVAXUU5ZLDHBUQF3MA5EV7S44T3AJPY42LMSD6ZZKQOQIAWSHX,271460
SHROOMZ,GCAKKZCTJPDVMHPSKNRZIAGEJWZS6LQ5NGZIGFN2LIQGC6S2EV5SMHRB,268301
OASIS,GC44DZH3NM74YUOG2O7NJRLJVUCLFXBWDKEIRUGQXGLAN27FFRDNIFOZ,266196
LINECOIN,GCKDSCQVLAKOKK2N4FP4FFYJ7KJDIIHLZTOWKPHOEYMH53DMMPGICOIN,261501
DUNBAR,GBQSSN5Z2TS3MBX74CIOV577CDFRTIAIFXRBXSFNUA5ODS7QQT37WBIS,261256
APEXMINES,GBMQMQ6GMTNICGGUZPR6CV4NHETO7KZAVW272Y4UVCLPZVK7YV63APEX,259945
ERRES,GA6ZAQGLDUEODDUUD3UD6PUFJYABWQA26SG5RK6E6CZ6OMD6AZKK5QNF,257866
Coyote,GAZDKLRHEC3L4AAN7525WM45RU566I3N2AMU6GCVPIRNFSPMO22L26QV,257850
SDNPLATINUM,GARNNBX4EBD6UNAL5GWJWF6VAV5ZZRCCPSIBUKLNXP25IJBODYPQVSUD,250687
USDT,GBOXNWGBB7SG3NVIA7O25M7JIRSXQ4KKU3GYARJEFMQXSR3APF3KRI6S,248985
XXA,GCQTMTNBGWPK5CM7WJOPFC4UJMHXELZQ2AXXVIE2Z4XFDSUUXJJQU273,248358
USDR,GDK7VUK6PG7T5U2EROPENG7JH4ESLGS3SRCSIKBABBFWRMGTUSC4DE6X,246472
ARAMCO,GANITGVWGPGOPWF2QAV44NH3MUGUOFG5ZP5VUIISAITU4H7RHIUKARAM,243390
enec8804,GDS5JKWWPTISJMFVUPC3HOJKRXMNJNYDNM2OEXDG3UEZ7RGG7X3FIZZ4,240956
eCONNECT,GDYLX776LJ3SSTSADZ5HZDCFZSOU6NQEGTOXZ3BS6QI6VMBWNEF7CONN,235232
BUSD,GCGDO4RD5HKQ6RMYMXYRRLLLILRF4C4VHCHJ6OWNTADHQUF3RTEO2RFE,234619
ASTRA,GBRYVVO3S3XCLP3OKADPW4TTBKZWDL26UBESOUU346MLONPSGHDFMTUB,233797
eORBITAL,GBG4BFUGQZQYMAZ47G3L23UN4BS4SXXABPVULEJURVEVMS5PYBKQELON,231434
BRICS,GA7GKMJ4FWUDSYZGJDWOXV2KHELZVSJLJXE7TCB4TAUXWWERPDRTBRIC,230952
AMUL,GCZ6K73BCDZ2MCZHLTIPC3CGND2WG7UBW2FGQZH7CTVOOWKPNVBHFTWJ,228635
XPLA,GAME7NF5G4D6ICN6NSUGEGBT6BF6M2ZDOOWR5KL7NILOHDVMH3IMCR7Q,226006
EURC,GDHU6WRG4IEQXM5NZ4BMPKOXHW76MZM4Y2IEMFDVXBSDP6SJY4ITNPP2,225111
UNION,GDDCOP2GDKNEMNB5EDIWIVT5QX5PNKZTKODEU3HCTILWA37S6ZCUTLLB,224671
eSYS,GCZEZFB7GSTZ2WFZQP5C24YYEHVQYHJJA3AZAUS5AOBP4X6YZ6SGZSYS,224009
5XLM,GBPUPTKRE4GBDZYZMC5Z534P3QY6I4QC5MZE3PT3GKYWAE6U4YDOCAKB,222609
PAMP,GAME7NF5G4D6ICN6NSUGEGBT6BF6M2ZDOOWR5KL7NILOHDVMH3IMCR7Q,221286
QBRONZE,GAM5E45JMMLMZLU4BTY3PN5TO4GVPBU7MN35OAXJUQMWG7PT544METAL,221283
eCURVE,GBG4BFUGQZQYMAZ47G3L23UN4BS4SXXABPVULEJURVEVMS5PYBKQELON,220965
eVAULT,GBG4BFUGQZQYMAZ47G3L23UN4BS4SXXABPVULEJURVEVMS5PYBKQELON,219267
XXA,GBKHYTKW6HL76UILTIGEPZ57GPAYWWRNBYD2TUGW3ZFXQ5RFP6GCHXG7,218031
SHEAL,GA7TJRFCRFO4UX7J5GCVQ5T4BZFWYWPRWP6HOEWDHJI7JG3GNRFQAQ3S,216732
UNFCU,GANG2DR2XNJWJHPXE7ZEETOEJMB4LOAMD5IDQ5OEFEWPJZOP3462UNFC,216010
eTECH,GBA3FU3IF5T2BBXDFW2GD2YJL3FENWOJ6QAS3PX36OVENFWIA2D5TECH,215024
ZARTKN,GCHAOPC25PWCB23PNG6NLOV6A6CNULWFTESG6HFXIRKKUIFF2P4GVXG3,212589
RUSSIA,GCG52PRJDRVIQQM4XXFVFHX4DW2RNBP22FCLJXSYKNAMQTKTVDCZBRIC,212479
APT,GCZB6Y3KTLCVX4GOO6WT4FZEJ7Y5ORN64KMQUTGKFGFCKE4KOLQ5FAPT,210495
VFX,GB3OE4IBQTYQFZZS5RXQHE4IPQL7ONOFOSAIS2NFRNMJKZEAI3AAUT2A,208507
MEOW,GCZZK6B4MRHK2R4RRSS3ZYJZPFNQPO5Q47NHBESAOF2OCU3OJIZAMEOW,205000
eBTC,GCEAHWRSUTM2T6ATHI7DFGLXV4COMFL4OGJLAELLJIE6S6AWBGUEEBTC,204208
eLEDGER,GBG4BFUGQZQYMAZ47G3L23UN4BS4SXXABPVULEJURVEVMS5PYBKQELON,203448
eXLM,GCEIVWM3HPRGVVLCNHE4QB6QPGUGSOFE4XPPLUACT7HY4SZVMPHIEXLM,201830
AMM,GARQ7O5JPBD2DDVEFFZ2LVWH77BYSC7K7RMGI7W5GLRVSWPHZBNGBDOQ,200394
GOX,GACKWJXIL4WSAD5IJIPLUW7HSGY2VZHK7QHKKMIATEYFSWGK6TOKXGOX,197565
VDC,GAF2AWOIGBJSTSHG7WBFJUIQR4M4B6ZM3IMHNICUSG6LTRRP3LHVS7KH,197222
ULT,GC76RMFNNXBFDSJRBXCABWLHXDK4ITVQSMI56DC2ZJVC3YOLLPCKKULT,196836
SBI,GDJTHV47RVSFK5VQ4CDU44VXGIVGARCXR2SQWSCXEEBBHIUAZJHETSBI,196810
AzSpace,GD36LB3JLE7H3YJCGLNX4DNVDLRJQ7BYRC3RFNDECCQQTM7FBBWBOVTP,196321
XAU,GAME5YNKHIPRSMN2BI3HLS3OYD4NE6FQ2WKUUJPYYM6GU4MRDUBPHN6B,195367
STEP,GCF34QCP3A6A2DVV23HTZU7NL5X6PWNGLVJV7UB2L5IHGIM5L3ABSTEP,194600
AKCENT,GD26S4FS6SAXNRFBH7GIK7CQ66T6BRXHZMAK36LX6UIOOCEJXC3655C5,194012
NOZAMA,GDVA6YXBBNA7ONRYIWQDVSZC366EU5HQIBKPY4PNM4QBVSDJCKYMF2EE,193030
HELIX,GDFAOY7JTTJYT5ZL73NJZYLKEWXTD6NLSFDHJY5AJ6EDX2A5BSPKIKLX,192599
GTPLUS,GA2EMJTRDZDNLWPUYHYEFUYQMQXIJT6TOWQAXQGP24CO74VSMG6IH7CW,192193
REIT,GCXOJK55F3UMCSRTQ7YMMMUUPTBOEW7JNMHVP5JAPXGILGSHC723O6Q4,191884
XAU,GB3OE4IBQTYQFZZS5RXQHE4IPQL7ONOFOSAIS2NFRNMJKZEAI3AAUT2A,186210
AMMO,GB3OE4IBQTYQFZZS5RXQHE4IPQL7ONOFOSAIS2NFRNMJKZEAI3AAUT2A,186187
PEMEX,GCMT5KC3TZ4V44PJRAYWIBIHQDT4NW2ATIFTLHFWMXPRCWPNSQUOPEMX,185692
eCASH,GC6LSXVDNBZUFVPZOEIIT3IZRDPHDZZBKQEY2HD74V2PKGYBOJ4SELON,184400
ATOM,GAHGJY3J2L3ZTYS2IB5RZOU5FBR5Y4APVGD6MR3XEQD4N6G43Z5FFATM,183703
UNDP,GB4WNGDLN3EWFV45MAQVTV6BMMCNVG52SD6XKHQ5MDUKPEMK724Q2INV,182242
KOOBECAF,GCBUALEQ2QX3IYV7R7LN47YL7QHIEICQKQLX2HKDGOODYP5HEP7SYYYH,181587
BLACKROCK,GDRTUOLV6UKVCIC7TENARSVDHAAUSBORX2LSBC4KMFQF22I5HU3Z2YPX,180987
XBET,GDXCSEIUTQAOVV7D7XZFKY372457INWUWQOMRMRKHESNE7NMRZZZFDAP,180154
MGS,GDN4LELICSTPEPEU6TU34RWXMGNVQB74XO7K56QVTM7XUESJOGEFW3YE,178660
eDIGITAL,GBG4BFUGQZQYMAZ47G3L23UN4BS4SXXABPVULEJURVEVMS5PYBKQELON,178283
WORLD,GDQKWSWNTQTEV5AYYISGBLNKOJUBXHFH3TI42UYGKDMNPCINVXR22IBK,177588
CASS,GBLFABRSRFIH3LKC2ZDZBJQPC5INGW3MUUTNCZOEHUC2V4U3U4YHOZ34,177487
MEDBED,GDO4HS6MCSQN7BHWOS3URVWTKO676N2KZQV2UW7H554JCYXSENAUXOVL,176610
SHAGGY,GBC4JTZSIDM6KNGJPHPNF7DKK3YXYLFLOQKL2OS755KV62BN4TRZC5U3,173317
ePAY,GCFOSQZASHVKZQTRWXHTM6GRUEMERPKHDCL3ISPUKIC2ZZSWJ3U4EPAY,172574
QGOLD,GAM5E45JMMLMZLU4BTY3PN5TO4GVPBU7MN35OAXJUQMWG7PT544METAL,172472
MERGE,GCWFBGMQLIQJVPODEEUEGED5ZQ5GFEBARXTTH5HNZ7ZPQSKQCVOMERGE,171022
TFOSORCIM,GBXCVJRI4S4Y3MAN4LTSYJEPUNL6UUWLP7IZJNAZPNSJ4QZ4GQENZIEV,169676
iDRA,GA7NLOF4EHWMJF6DBXXV2H6AYI7IHYWNFZR6R52BYBLY7TE5Q74AIDRA,169612
SIX,GBDE4KB7NPOZJIDAYWDUSKL5QLMOAHOZIMEGIDGTMKLXLTXUVBRKBSIX,169011
CHF,GAME7NF5G4D6ICN6NSUGEGBT6BF6M2ZDOOWR5KL7NILOHDVMH3IMCR7Q,168981
R3,GAGGWZST74BALCAZNSDQLMDLOYRIOJTQUYW7HWWR7LZWT7RCOMLMJURA,168743
FKSILVER,GDUZXK2FIGNQIZLSMEDMKZLPA3CXW3FXEGU2GSVPO6KOR5WVJHHOQUSA,168596
eBANK,GC6LSXVDNBZUFVPZOEIIT3IZRDPHDZZBKQEY2HD74V2PKGYBOJ4SELON,167893
ERS,GAAVEH33434F6P4HWCSGSUGDFBPVN5LEJIQMICQCNVN6ALSQZYYV5ERS,167324
NEWBREAK,GBIKE4N4EOJOXNSGYIP6WDCG64BH2NHTINWHBNFTGXL3J25NRBKWLNEW,167225
NTRS,GDVE6ZJ2QNYZCSRCB7WRBEAWCVFYZQBFFFWKQ7PLGAVIVZNOXELDNTRS,165644
SERAPHIM,GDCUMAI2K4TTG4SSKXTTQIVHPYP7NA26RKR2PSUKHM42CZXV6ZV5PROJ,164484
ySHIBA,GDJUWPUVWHVHYPZTFTKSR4OWMHK7MWGOWDUHH4NSEYWRLDECR57SHIBA,164351
GPT,GD5BBBAERZTJDL3ACK3MNHH6V36I4E74PDQKKAIGTOT4KZLL4EIIOGPT,162155
QXRP,GBZEPCEX2GPQTOVJXZLV6Q5JUKC4Q4K5ZJ6JWYDVQ5O3WMA7ZNZZQXRP,162033
LUKOIL,GDLIAWTLMEPK773JDIOFFL5EWIFZ6C7NBRVHP4VERXLJDRN4KT53LUKQ,161217
eLIGHTNING,GCLVBAOC3BEX5ZKF76TZHY5Y4BMIQCDVF4DCOWSAS4BJBJ32MB2DLGHT,159889
LEDGER,GDJTHV47RVSFK5VQ4CDU44VXGIVGARCXR2SQWSCXEEBBHIUAZJHETSBI,158862
Izicoin,GDXG2QB3GYD7PSJ4BDZA3DBGHTTWOPONJ6JUCVYSZZJAHCJZ3PPEVAKY,157428
AREA51,GCUDMSQLD55M46YST5MHU6FC5PBIK5LOJVKEGEBGGQTIC5EOSCW3QUSA,157218
ASSANGE,GC7HZHFGEBNLV7EOQ6JAAYXIQ45YPXK74MNCZKT4UWWYIKEK5AUHNM5U,156342
CBI,GCN65PH2QYG4TWIJA5GTVUDIR3WX6LXIBETZTSLZF4X5SI4OZ3T3BANK,155206
AXRP,GCIAZN2Z6NFWHBFHIXDE4UKH5W7U5E5M6P426JXDUCIRJUAWSTVENVPS,152859
SDEXEX,GBQHMDRWV3WU5YACBUUCBY4Y6PPWBJXW5WCSG5XJ63FC4HXJNGXYFD5J,149906
Yinbi,GDTFHBTWLOYSMX54QZKTWWKFHAYCI3NSZADKY3M7PATARUUKVWOAEY2E,148471
yXRP,GDOROQH7KGTGI3D37DVEOVKRJU2VGKGJR2KHXTZ75R4YD5QR6JQ6YXRP,148261
Pi,GCIAZN2Z6NFWHBFHIXDE4UKH5W7U5E5M6P426JXDUCIRJUAWSTVENVPS,148185
SGB,GDQSKB25T24N62MHTJGB5ONRURVWEDMZBOGII7B57RZ77CU5CLMWKTR6,147216
BCH,GAVQ5RFK4NX3JWHCBF4MILM2PADMJW4FS3D222Q5MY74JBUBEGBOFBCH,145682
AXLM,GCIAZN2Z6NFWHBFHIXDE4UKH5W7U5E5M6P426JXDUCIRJUAWSTVENVPS,145112
AIDOGE,GBO6DKJYFBG7UEUSAOI3MD2SF7FJWEZBRICUAILXWGJINVL7SKAKQ7X7,145041
PDT,GB22VOFPLW43THCH6AIG4GTFGTC6DZOU5VHUVDHMXLM6NLWUBC2I525A,143604
COIN,GCRFFNWYQYLVVA43CD2RVFDILBLIFVBTGTXKVVMTJKBRC6PZWYQOAWCQ,143092
yUSDC,GBVKWXRJSITLJXO4VMQBHUKDAANOYNDJD4YQ2DUM6UABJ226DQ5LUSDC,142445
ASIV,GDLA2ZKWK2ITJV5DE5WSSPVR43UAOTQUXIZCVQYRJL5WA2E6JLSGGGIS,142293
BRAZIL,GA7GKMJ4FWUDSYZGJDWOXV2KHELZVSJLJXE7TCB4TAUXWWERPDRTBRIC,141498
eAPI,GCDZZ7PZHXQ35J3L675Q3HSZGENGAL6W26YZSTPYGONBWFIJPHEA4API,140987
STM,GCMS2VO5ANJCESJBZVC3INFSETS3K4UWMU47W7KSQ2BYASEQAN4NUSTM,140639
EMR,GCO3IGH6QJ6LDDZ653AWTM2TBI65D7Q2BURFCGF6JHUPFR7IVNKTMKI7,139989
TCKT,GAKYYYDA6DY32LPC5EPU6M525TVCA6KJCWFJFIUPH74UPQ7UR2OKVXNM,138978
NEVADAGOLD,GB7SESYPLRRIUZY4L3OZ6X453Q46JTFTNRKEWCJ2FG47G7H4XUU7LTPU,138019
MACQUARIE,GD5BELY7TXABVPGOJI4TPWJ2F7DZBYQIQY4XKZHGYYQHHKG4XQAOMACQ,137968
eTRADE,GDEY5GEQ3EMVPOJH3RBLOAYXREB6IC4GV3QLS33NTYU77SRANJFNELON,137816
FREEDOM,GAHRBUICHAVM3KZHKUI4EBQFS5QHRLPUPNI4ITX5N6LG4LA2HQS6FOZR,136793
SPQR,GDGBLAE6EIE45E7WK2H7L2YBFPJBGOMYAM3IVJ4OKFQTZ643NJTHSWJS,136727
VIRIDIS,GBTWTT7N7TIC5HROZHV7IEW5T5Y477BN4RTU5RQZ2F63MOK4OAWAVIRI,135602
eOPTIMO,GBG4BFUGQZQYMAZ47G3L23UN4BS4SXXABPVULEJURVEVMS5PYBKQELON,135044
LAPYAP,GARM47SEALFZXCN235Z7MWLBT7ST6TE7QYNYWE6ERQ4PNB52VJXTNQA4,134171
CASSA,GBWT45O2FHZABXQ74XC3G263MEK22YBXY7N4SJGOOVWAFVBP34ZND2J4,133850
NAVI,GBUW2GSJXI45IV6QV6OEYFRE4UV7VE4O7QCNZ7Z6KY73A26V3ZBJNAVI,133842
PLATINUM,GATG6UKVQZKHK54WGHXA6M3UZQ22JNG7KFYWPBHJPORLSQ5GCMFWPLAT,133690
WARRANT,GA6SAVZCCTBKXK6QNA4FOTLX6MUJLUCQRE3NA7FQDTZFNQHDJRLENHDA,133201
yBTC,GBIOUWERPYEMHRHQHHBVT3E5CEJEHANO22H33DUJQYLHV3FXHLWMYBTC,133170
FB01,GAEOCYPIX36WFIJH4JS4AYZPAJLQBI6BTA5TWCDACGHY3JFHTUOAFARM,132806
QXLM,GA2AFNJ43KQD5X6UIYWZ7SQJI5JGVCGTGHWWTBPU7PTNBHL3GVSBQXLM,131593
ISPEP,GBGOBGXU5AGHADC6H7KGMEPXEIOJY7ZKIKLBTU363OCQTZNPTGNTVQJK,131152
MOON,GAYXKLFYNIL5VQDMXANANLMML3LHDHNEVHYSSASO7LSJCQVKLE3S46D5,131030
MLTS,GDEMF2ACRL26OC6V7W76HA4CLPJ5H3QE7P4B5LZ5ZCL5IBF72655MLTS,130782
CTGX,GCHRGKAGOYJSX7NWOLQQXW5R3JK55XAI4ZQFF2YQWG4AQODUGR6MHWMB,130060
INDIA,GCG52PRJDRVIQQM4XXFVFHX4DW2RNBP22FCLJXSYKNAMQTKTVDCZBRIC,129656
APIS,GCYKQ2627BPKMSUZJK64GPYVKD4TRNACP45X6B754PR6TCYJXCHGUTWB,129515
INDEX,GAOLE7JSN4OB7344UCOOEGIHEQY2XNLCW6YHKOCGZLTDV4VRTXQM27QU,129415
LUMENSWAP,GDMGSQ4GDLKNKWOM4LIVJBMS4YQIHAZP2R56AWTV4J3JJYHDO72F5XAW,128758
ALBA,GDFRIA7UCMGI4H7QTO3TKCCDKOW4H4X4STOUZE5AQOWW62NWZIKZBALI,128412
XPAL,GAME7NF5G4D6ICN6NSUGEGBT6BF6M2ZDOOWR5KL7NILOHDVMH3IMCR7Q,128277
ASIV,GDO7QNI3HTR76XGHLT3IROR5IKJ52CM2CWA5L2TXBKJWQV7OFLKIWCG3,128080
SYSINFO,GDDV7XPE7ACAQCTPKB4YZJ67Y5MOBZ3LHBPKXPBMAAXNQXL7JRZ6PSYS,127175
HBAR,GCIAZN2Z6NFWHBFHIXDE4UKH5W7U5E5M6P426JXDUCIRJUAWSTVENVPS,126971
ANSR,GAEQFO7DDXQCJ4REZX6M6ULRNCI7WBXTJPMJRRWZQBA3C5T3LAWL7CQO,126344
USAXLM,GDUZXK2FIGNQIZLSMEDMKZLPA3CXW3FXEGU2GSVPO6KOR5WVJHHOQUSA,126203
EKIN,GAAXV3E7MYFTZDREN2W4XKUWK4PUCXNQYB3P4AJUUIMFPYLWESWYAXIC,126009
QNT,GA2YT3ITDNZ72LNQ7IG5KLPQHMTH6LOXFASCL7GIKRLILTCU2DFZFQNT,124816
USD,GB3OE4IBQTYQFZZS5RXQHE4IPQL7ONOFOSAIS2NFRNMJKZEAI3AAUT2A,124673
eXLMP,GA7PH42KCUSSVBB3RLXATVVMK7UGG53WHPMM4OX5AHPPINT5SI3TXLMP,124655
TRUMPESTATE,GAC7BCDALU5SAZF26MXPPQOY2BHXQG3EQTTAM7A523UB6INTWVLG4INV,124571
SFMNP,GA5UXBYOFAW56BQJB6XWQTOQMCAEEQADDPOORNTRW7ZKZRWQOYTFEWOM,124357
HBAR,GBPQFIWFZS6LC7CNUIUO6ZUKKTVRKK6WPHH3AYVSDKTIQF7MLVUYLZ7X,123926
ALSET,GA4LXEHVL7WZOFL7KRQEZ36ASVNJFP6OHQRS6UQ36GFFGYS7ZZNAVBBJ,123580
XRP,GBCZPJAEIU5JQM7O3TDPKYC5KLNSXLJ2XAQ4A3DAA5W6UJUM7XCD2B7X,123334
FUEL,GCXOSD5IQ5RTTPM7JUTJH7E542JPUOYXPCKLCXVDHUD2AHWFXNYUKVIT,123161
BTX,GBBAMI2WU6WJHDL3CQKT4LPXUC76WCEMQJMJIVQGL2G5IKJ2JHEVHG3G,122926
SENGOLD,GBBHED6YIWIQPRPWKMXYXUTNGN757Y4SYHXMSTACD7HALOAGBOYGSNGL,122254
DZA,GCEI5F2PL4RHI54XH2FX5LKWS37P2Z6EV7NRSNRURP7YSM2IBSUMKIUK,122141
LDG,GAO3EFWBWK6T7UHWRHXBA5WSASD7APA3DZ7EA57JZMFWEU4WU4WB6LDG,121420
ANONINU,GAB3DTOQOKO45T262KMVW7AICSAVJJPGYLZVWFYCNB2BJ2JA5EQZRUHX,121202
yXLM,GCP6CUMUVDYNASOAYT2ESCEUOFI5WVIPJTBACWKTJLR2RX24QVQSYXLM,121064
GUARDIAN,GDGTCQCHO5I7O3M2NWGIAKQ3NF6NIHDJJF6IDXTWFG65KHKMJD57PROJ,120010
ANTIVIRUS,GC3B2GD2WVRVQBKUVG6TQWWP6LRZUJF7JPWZGIUAUMH3DTICEZ5RHACK,119973
ALGO,GCIAZN2Z6NFWHBFHIXDE4UKH5W7U5E5M6P426JXDUCIRJUAWSTVENVPS,119809
WHIP,GCJHCQZW7ESTTZGQSFX4P5JRDCCSNUISGHVY4TG7GZQAV2XYZP6CF77R,119410
IND,GB7WBKCTJEMUAPF4KFQL2BCMFOBDVA55YURZB7I4NXAEE2V4SXHJGDV4,118894
ADA,GCHPQJUKDKVDQUDQZ3RSIO7TX5K2JYNDIF54YN7HMVBTTLYEUI6OFADA,117524
POC,GCSZ3XMJZ33D5DKQP3DYPBY2STYFL6SGYK2SGNEHO6RYVMPB5TDGWIW7,117131
WHITEGOLD,GCWQO6O3IA3BADZWBGEHK7HMGGDKPAB4T2GMXAEERH5E4VOT4LIFAOSM,116980
BARD,GDMSCG4PFEU7ONMTPXR3JGCJ7PMR7VSZM6MDTHTVXQ6KPOYXUPZJBARD,115588
yHELIX,GDFAOY7JTTJYT5ZL73NJZYLKEWXTD6NLSFDHJY5AJ6EDX2A5BSPKIKLX,115560
LINK,GDHVSICICPZFILNHR4ZNDMXOC24YIZLBZK4DGDLPPGGAYVCYZGQ2FLNK,114581
FIL,GCV5DMOTASGZEELHZKBRG6RREYFDOAPCY4C2G2ELVTZEBEPSUX5GFFIL,114393
ePOOL,GA6AOTVLI736FYIRQUFGMGXELOT7ZXQI4T6BTRAHTONKYFEAP66EELON,114076
XAUoz,GDQSKB25T24N62MHTJGB5ONRURVWEDMZBOGII7B57RZ77CU5CLMWKTR6,113937
IKIGAI,GBGQ67Z2THYAJ2GMFAO24I5VGKDQEJ6EQB4TDB2VPO3XR2S4WZPFI3AC,113690
INR,GB3OE4IBQTYQFZZS5RXQHE4IPQL7ONOFOSAIS2NFRNMJKZEAI3AAUT2A,112983
PZINC,GDJ3XN7FCJDCKTJ4CRDLKW3XF5OUXS6CS6BYCQ7QLNDU7CP6MD7HJPOL,112885
WBG,GCTOA4UWWTCQZMT4PYKIBS2ILVP3AMZYAEEYSC5UM2SWKIF25MSAKWBG,112312
yDOGE,GBD53O4AWMYER24LM6WIBBBAFZKWVNQDONZ7KE4IZUJB56UARR2YDOGE,111761
PHILLIPS66,GC664JAKKQPEVUDUHCD5Q4C3YX4JQ3RNDND3OSYB2JL32YAY3USAPHIL,111420
BRK,GCDXI3WXRLI7C3LLJZ4TVQ2AN7GO5QQTGF4OCIBOMPJO5MXNAGXPJXK7,111419
ROCKET,GAK26TBCGCBRG6HAVCJLIIAGYTA6OTEUMPIZM4F5F7ZMG5MMHKMCQAKY,111206
PAYBO,GDNUDY5LNUVCO55LLK6H2RCOILB6EO7UOVAOGDTV3FB7Y2U45TMAXD3D,110502
ARKQ,GBGHMGCRNOEBTLBL73ZR5R5P5WHC5X24244ITKUDYKXMILJBIPMCNPBK,109780
UBS,GDRTUOLV6UKVCIC7TENARSVDHAAUSBORX2LSBC4KMFQF22I5HU3Z2YPX,108636
VIP,GC3B2GD2WVRVQBKUVG6TQWWP6LRZUJF7JPWZGIUAUMH3DTICEZ5RHACK,108486
TOYOTA,GBW3JAGBMMSULGE4KOMGQ4J7RYQHUFBSD33RCTHPBJVYUHFJSTIFK7KD,108167
MDGOLD,GAEUK7C64HVJDMYYPMH7NKB5NCBZ4OMS4PMCIBQXGR35THVDVHXL5MDV,107958
eFINANCE,GDLWTWDOTAAXD73WB65TVCFNMVRB7DJR5GDJRB3RAI3L7O6ZPNFQELON,107691
Kred,GBDAFOWGOJSRLOQVTDJYJVRAOK3FB74Y53IYCGDD7YNLLKOYSFIFA22M,107627
LTC,GAEUHK4T66HDESLGYQQEOSELMR5YUDSU43BGPM7B4TP6DID52EFQFLTC,106263
eEUR,GAJCGXRK4LIVOOK642VMTDXLMYMPDJCLZJ4HZY2VWKD2HSEHG2QQELON,106166
BarronTrump,GCVBSM5M6BKZI7HHIP43OSPSDFDS6A532WTMS4YTCCKRQAA6IYTE6BIL,105703
OIL,GAME5YNKHIPRSMN2BI3HLS3OYD4NE6FQ2WKUUJPYYM6GU4MRDUBPHN6B,105232
IIRON,GDYHZKPI43B5QK7BJ4UWFOP5AUMFK6TGYI3EDT76MXSAJP7ZW3YCIRAN,104945
ELGOOG,GBVKFKU77FCA75TQ6EYAUKIZG4NJL5NTMU3I3YJJI3MQUMG2GLH44EM4,104397
SWIFT,GABC4VRT7FFH45NZKRZM7HFYZOSO2TPPQ2TOX7ZIYYVS77RRME5LSWFT,104047
ICP,GARL7OD3VOGDOUFYCGDWNONN4EFAFUVDMA6ROJZJDOPHWFUZUWHHFICP,103964
eLABS,GC2UPJMDPYVNVEYIDQXYC4Q7R6N5SJZ66U46OTUYQZLVXT47ZREGELON,103900
DZD,GAME7NF5G4D6ICN6NSUGEGBT6BF6M2ZDOOWR5KL7NILOHDVMH3IMCR7Q,103599
MWT,GAOOKU564V65FNPLD2ZNXDHQEUOACB46ULXCBC2WEK7MIGVDSABGDLTZ,102987
VCAN,GCXOJK55F3UMCSRTQ7YMMMUUPTBOEW7JNMHVP5JAPXGILGSHC723O6Q4,102098
KTHOUSE,GB5BK7HJK7SJGJXN4X6BV2QBEWGXVMEZJRGKWBFU6PK6BV4DW7WOQ27W,102097
HNT,GD2DGNXZHMTRWZCV7VTZ5GIROVB2NNIYXHM3UIOCHJLJG2IV5ZRZ4HNT,102089
eEXCHANGE,GBGDQZHIK36ZVCCCD3VDEWE4PFQ73OIH3U2NKUCT5IMOJ6TU4LL3EXLM,101883
OVERLEDGER,GDBPVKZMGRNXZK27QHAOX34D4COIUE3HFFZYQ33EUOMTGH6HGNOWOVER,100990
FLR,GCIZFJM7W4KGFUSSIOYK6BWIDRFOVLUXNFQLBX6ILZQZD6WAFKSV6FLR,99641
STAR,GAME7NF5G4D6ICN6NSUGEGBT6BF6M2ZDOOWR5KL7NILOHDVMH3IMCR7Q,99260
BTC,GBSTRH4QOTWNSVA6E4HFERETX4ZLSR3CIUBLK7AXYII277PFJC4BBYOG,98858
GHAPLATINUM,GCIY7JI4GYZQEAQ4OTHUY5NHJF7SMSNLEJKYGIXWEGGPSACX4MFTKGHA,98714
BOT,GATTH3VPK4PMXLE7JSEJ3OC72OYOGJYINLHSCJX365BP6SAV6GKSHJAV,98216
VLCC,GAME5YNKHIPRSMN2BI3HLS3OYD4NE6FQ2WKUUJPYYM6GU4MRDUBPHN6B,97802
SSPC,GAME5YNKHIPRSMN2BI3HLS3OYD4NE6FQ2WKUUJPYYM6GU4MRDUBPHN6B,97213
JURAPROJECT,GCGDE6DOI5PMXI35CKJ6NRLIX3XNWW7PJ6PEDWTNSMI6IXZVNRCIJURA,95990
LStore,GBJTZMGGX5RUQSPSSFKCOTVU6CFOKDKNF55MPLWWXXMRBKOBRAHILPYA,95899
MARGELET,GBVQD4AY2XHSEMGCX2QCXAGLSONCOHZJHSDBIMHVSF67PYBGIL4YZLX6,95414
UNION,GDSSCVJSQOR5NNYT3N35LFJKX4HGAZFQXCGEJLBTPG4QPG5BJR4EUNIO,95378
BRIDGEWATER,GCDXI3WXRLI7C3LLJZ4TVQ2AN7GO5QQTGF4OCIBOMPJO5MXNAGXPJXK7,95355
FCC,GDVFPBEONJVM3AJQM6PQWFCH6XK5YKIQN3VQOJPLDXVYOOFFWVIJDZHX,95198
SSPP,GAME5YNKHIPRSMN2BI3HLS3OYD4NE6FQ2WKUUJPYYM6GU4MRDUBPHN6B,94887
USDr,GCVNEYFLWPWNUO3BJ7LVES5DCM2WF3S4SO3T3RHXWIONKM2TSWOQUSDR,94782
NUNA,GCX2ENOVSSOOH6G4HIOBMPCBFXHDVDGA546NK3ZFX3NP3QS25BKZBWOW,94161
BAGS,GCIAZN2Z6NFWHBFHIXDE4UKH5W7U5E5M6P426JXDUCIRJUAWSTVENVPS,94111
UKRAG,GDMFJQDBI7R4GVYB3BGHM7LJYBWGZVPVZ3OUZKIL6UT2NF23LQABUKRA,93976
DGC,GDBLGJSHUVVK5RDCLRZLQDJMA5PIQZ4MCCW7H7XHVYIERU64J7XNV5GU,93853
GBP,GB3OE4IBQTYQFZZS5RXQHE4IPQL7ONOFOSAIS2NFRNMJKZEAI3AAUT2A,93834
PILC,GBZ4R4SWIXPDY2XRQWX3L3ZCDBWEQLGMLKMVCBOPGR2U5XEKBOZZTCGA,93580
AUMILITARY,GBPSJ2KCIJHDCCWNSF37MWJHR5HDPF546DRN6SAKD3NG6GYYT6PTBANK,93264
AED,GB3OE4IBQTYQFZZS5RXQHE4IPQL7ONOFOSAIS2NFRNMJKZEAI3AAUT2A,92835
PESO,GAW53LKVSJOMQWWFAGR6UTYNVXQJV4R5BGEYZL4JOMT6F4CY6O5S3DQP,92743
QPLATINUM,GAM5E45JMMLMZLU4BTY3PN5TO4GVPBU7MN35OAXJUQMWG7PT544METAL,92657
CIRCLE,GBOGBKAHMXIGYHA5JRPOILGM37SJLQ52DISXCKJECAVKOZQ3OQ3J47RO,92207
XCT,GBOAYBE3NJKS4WPIVM2H5DVFIDYLAHHD2DAWYL5LLUVYF77M3JIVGCTR,91508
HURU,GDYG7OEXT7GO2WOYJKRFMYK6PXQTPFRKO4JSNRRZWE4JM2V6QWQR2QZD,91353
LAPYAP,GA25AUGGORR7SQT3FGENZ35GMZI444QS7DHTUUJHUZ7IIMX4A4D6ATA2,91109
eGLOBAL,GCFY725Z36F6UO7IYJ2UBAKURDRJVZGACVAYTOMYMJF552Y4TIW5ELON,90757
AETH,GCIAZN2Z6NFWHBFHIXDE4UKH5W7U5E5M6P426JXDUCIRJUAWSTVENVPS,90499
EURC,GAQRF3UGHBT6JYQZ7YSUYCIYWAF4T2SAA5237Q5LIQYJOHHFAWDXZ7NM,89940
CGOLD,GC5OY26ANLF6BSS4W3WUI2QESOETDULPZMRDKHQEGKO3XMY5LMXQCUBA,89753
PETROCHINA,GCLBAOQ65NV6FDC76H3OPQNDWOARTQWDBWHZQFHRXGQ7P5ZCLMDV7CHN,89375
IFCI,GAATECTOETXQO27H7FORFWGHJAVT7RTNY7OPDATPTVENJM3XSTOKSXO7,89154
RBANK,GBMJMN5OZIBWI3UWQXSHII5WETDE4JHQLNBRSG6SI6MKAZYAGJSTYRUS,88881
Indocoin,GDJZKTSK7S5C5ATFX5JCPXW4IBF55XHWMWLDHA5XK6WJEW6NL2RPFTSS,88437
GETF,GBGHMGCRNOEBTLBL73ZR5R5P5WHC5X24244ITKUDYKXMILJBIPMCNPBK,88177
CNY,GAME7NF5G4D6ICN6NSUGEGBT6BF6M2ZDOOWR5KL7NILOHDVMH3IMCR7Q,87994
GOLDMAN,GDRTUOLV6UKVCIC7TENARSVDHAAUSBORX2LSBC4KMFQF22I5HU3Z2YPX,87813
PAX,GCIAZN2Z6NFWHBFHIXDE4UKH5W7U5E5M6P426JXDUCIRJUAWSTVENVPS,87769
GUARDIAN,GB2Z42DRDOLLRLH62JFM3EC35DHD2KPETP6KKMX7EYKLFZEUXGGXG7L6,87608
REPSOL,GA22YYOMJ7JW7244KBYKMLU6L5KDA2ZJPUHQ6X743NIZ63O4YUYFREPS,87280
QNET,GDRF4GKWE7ZPQX7HJJ6VKY4ILCQUVRMVUHIKNUNUVNE5RRWTXXZAQNET,87201
HOPE,GBAOB4O4LUZYTPAG64PZQ7CVLV3PJWQA7B6D5VBCQM42W74HN5DDHKMO,86476
ISPEP,GCJXS3GGPPFU2F75J74GOHHQBSTNKSW74NR6ER7KDHKZXRRS6WC3NOX6,86383
mXLM,GBJ2UX6FU57NEYPQZA5WOKWTSOENIKYJGBQ462LHWEZSAYGFB77FDTHO,85264
TES,GDBUWRMXVT6I75KYJ2ZFHNAR2GWJG3G24XWGISJI2WHNFDX3BP5ECTES,85013
DGM,GDQWRKKXS4WR6SUBERWOZZDS24XCBQMUX3SFMLD7KWBUM7EI3GCBII2L,84936
GIRON,GD2UKQITXUP3KAFY4Z7TIUR2FH5R2UVEJZGYKOJRZRZ2PEEMNDNRXGER,84901
OKEANOS,GCXBYGHAACK65AH24XONQFQHLWYXDEI6A2A5PG33QWZBFU6FPWC44DTR,84834
ECPS,GD6ZLU4I3QOG5YICHBQICXL2SEJDLUSKXHFLEUP36QXBNNMHF3EUEW35,84539
CYBERWHISTLE,GCFP7YKIFROGVC3DDEOVSFDDV3FFM65C7NLQCZKQC6R2GP6X7HNHELON,84386
TPT,GC4EEF32WLRFI7ZU7SKZ4Q7PMITKYAAMZK65AKD2PLI6E5WKYCN7OZCE,84340
eLINE,GB4IF5K5KOOPKR72KNM22WKZR7LJWBHSYISH7LLNAOFQ77IFYSW7LINE,84202
BLUEBERRY,GACPEMUPMJVITLVLUEIBI3YD72XDJ7MBX4BO3QSPWCIYR7M76267CJDK,84097
IXLM,GCUJ4I4KJBWLPY3DYBJWU4UPIDJLN4PIYWQ6DUTG7GHR52PFMFCGEXLM,83701
EKIN,GCSDHUTR6YQZVN7HV3GVJJAHQ2LBYKJJMWCNJYHLB2XSUXLXQPS5IVEJ,83502
SCD,GCM7YIJ2XXZZZXJNKEYCI3SJATY3UCJQ6HA27W5RPWB5EEZE7TDOII6H,83474
CHINA,GDBLTTN6QJ746F7CVJAVD45IJSK2X7PTIU7JTNMQTCMG6R4ZACKUBRIC,83291
ITR,GAME7NF5G4D6ICN6NSUGEGBT6BF6M2ZDOOWR5KL7NILOHDVMH3IMCR7Q,82590
DOCS,GAVAD72MKI7CWOR5QIH452SO47N2JQEQO3IMIFUXDS5U6GXLSEGYELAX,82172
VEL0,GDGRKNTDCBSQYZWDFB52A4WEAKE4AAMEGCZSLUCF72PCEATIV7DTVELO,81827
SGB,GDOD3EW7SAJXVJB43R7LDR4FC4MFXES6KJ4YGGFTWSFID3XV6WL5W3LY,81027
PTT,GB6PEZ34A54AO7JK3IR3EWUS6YJGQ2ZKBZVRTY3VEK43XYLLJ566MRNT,79611
eFLOW,GBG4BFUGQZQYMAZ47G3L23UN4BS4SXXABPVULEJURVEVMS5PYBKQELON,79283
KKA,GBN2VWEIX42MMKQSVGGYHZ27LHAUXSHLPGQ6IGAUZDCQZRNR7BIKVPEB,78876
FLYNN,GBQSOHPERDVUN5QKXGUYGMZEE3LX4SEHUDZL7RZQ7YC6W3D7NVSSFLYN,78761
BARICKGOLD,GDUOJNWXB5NPOXP4BGGGFFMRSMGNHPKIVQWUAT5P35MSHONBGINABARK,78323
KAVA,GD4T35DMXYDE7BJWYPUWK43VFJO5IBUQYG2YGMICPTWP4JTNWQELKAVA,78027
DOT,GD5N37F4W76AACJ26JPS3O66QGQTB5QBXGMK2RAUMLDB4V5XOMTWFDOT,77683
Pichu,GDKDKVEYV4TSELBCMNFFR7FAX7CYY6LYOIOR5P2LMB2T5S4N2V5A5IW6,77489
UVG9,GAME5YNKHIPRSMN2BI3HLS3OYD4NE6FQ2WKUUJPYYM6GU4MRDUBPHN6B,77455
RBS,GDX7KQ4XYX7ERRW7OFO2CQTAICR4MGCHIKNCNV7GR5MCXILNOPCMVRBS,77341
DONG,GBCLXFLQB5DYDRT7ILYP7KC6HJOCANJLACZCIEMW5CZJIBDFFKAHA4TU,77309
URA,GAME5YNKHIPRSMN2BI3HLS3OYD4NE6FQ2WKUUJPYYM6GU4MRDUBPHN6B,76477
BCOPPER,GDCRLTJWHP2WBZSDAABB5UUE5H7ERGMWZR2ISQJTSJURCCZ4NOOKO5BG,76168
XSGB,GDMQHO2PQHZIY7A5DG6K6MZUXI4TTBQNU7OSMMVRM2CZRS4RK7MYZFNE,76067
BLUEBEAM,GC7B3YGQFQN42D7VGNG7P4TTUQ3KLCYME4ASCCJIONDMGRYVLTSIBLUE,76044
PTS,GBPG7KRYC3PTKHBXQGRD3GMZ5DB4C3D553ZN2ZLH57LBAQIULVY46Z5F,75774
ETH,GB3RNZA7QRAQDCY5JYV3RVVUXZPQPREB6IAYKCJTVSGSSEL5UCV3ONGA,75615
TFOSORCIM,GCC2J6OJAAGJ6OMTOI5MIJMNQ2ONCFKCVYISORBBEEXCBGXYCG6ZP5EG,75366
BITT,GBBJERNLLEO5UBK72FYVQ5TIJKBW7RDQS3COEEN67BOSNIKHWXSQBITT,74970
eDAPP,GBCI4LZBRQ2ABMKSEXIHN4FBLQEBFFVPGUVVJRNUIXS6Z7CGX6T4ELON,74395
CRE,GCO3IGH6QJ6LDDZ653AWTM2TBI65D7Q2BURFCGF6JHUPFR7IVNKTMKI7,74113
KTO,GDP3D7YILHCLDFYHRCPK3AC6AXIJQ5FNJVK33KLELMERJXN4FD4F5KTO,74062
REEF,GCXOJK55F3UMCSRTQ7YMMMUUPTBOEW7JNMHVP5JAPXGILGSHC723O6Q4,73946
ELPPA,GANJZG7S2TZKAQG5VP4ZCCWZYLVAX3YB5QITBMGZTFLOSNTE35ZDPETC,73889
WHITEHATS,GC3B2GD2WVRVQBKUVG6TQWWP6LRZUJF7JPWZGIUAUMH3DTICEZ5RHACK,73803
JGB,GDZZEJPAY2M4BU5EZ3H2V3HPNYHQUQLUUHKR4OQAM2RM453FRDZUOZJF,73429
KOOBECAF,GC36VPQFLYRBRZ34FLOMT72VJGQBMGUMT2QLIT32XOIP4TR34V74D5IH,73377
BOLIDEN,GD2734Z2RXGO3CYNPTANQBUXFV6PQGNBPNMYCWUNKDFACD2W5DAXBDEN,73320
LION,GBUG6ZVD2ZETN5YRZUAWDB2K72MDRVORWDZAN3WMF63JCAQ2RJLYUG3X,72818
FRAS,GC75WHUIMU7LV6WURMCA5GGF2S5FWFOK7K5VLR2WGRKWKZQAJQEBM53M,72478
JPY,GB3OE4IBQTYQFZZS5RXQHE4IPQL7ONOFOSAIS2NFRNMJKZEAI3AAUT2A,72098
AREA51,GDUZXK2FIGNQIZLSMEDMKZLPA3CXW3FXEGU2GSVPO6KOR5WVJHHOQUSA,71985
RUPAY,GCBKL3OK4JQVRI44FOY4HW3RGDUWCGICZAM3TK4VXYEQHA3NJRFSGINR,71735
ARABOIL,GD7SVRDPC27NSCZBD4SCZDHY663XJ3XDTKAVSVCQNR6P475UN6X7ARAB,71649
ETFlumens,GA6HZSJ2PPM27RDOOK7BFVMUUNCXHUZNR34GMHX7TW4IDFZFSWA5XVIY,71356
ASTR,GC4FLAFL23VOW55TAILCNDOZSRY6WQMZ2QID55VCSBNFIWNEYLTZZPTR,71073
BLND,GDJEHTBE6ZHUXSWFI642DCGLUOECLHPF3KSXHPXTSTJ7E3JF6MQ5EZYY,70973
JSILVER,GA47R2BKWHOAJSIWYB7O65VNNASITO5EEXDKKFZIFBTMOXITVGNRJAPN,70904
BLACKROCK,GAOXBJNANETDHLEUI7Z3TTE4NW5SEHB7IJHT5LQAWCLFV23UKBN2VLZY,70812
SOUTHAFRICA,GDBLTTN6QJ746F7CVJAVD45IJSK2X7PTIU7JTNMQTCMG6R4ZACKUBRIC,70686
SOL,GA5OSQO4AZ4RNEEF2GHIXOBMXOZ7R6JAIQVQT2U6CGEAAZZPSQNTFSOL,70335
USD1,GCIEGKAZ4ZUM4PEBTDXUMG6N4ZXOTCCK3UMSJCJ33QE5SVMCTTBKCVNY,70074
KINGSTONE,GBRHPY26P3GWH7DSQ3B2AZ2XSEWAXNLCRZ3PSE3WWUICQ4XP4KNOT4IU,69995
GBPC,GDXF6SYWIQOKOZ7BACXHBFBLQZEIH25KOTTLWQK35GO3JKRNIFHHGBPC,69970
AIML,GCXOJK55F3UMCSRTQ7YMMMUUPTBOEW7JNMHVP5JAPXGILGSHC723O6Q4,69768
USD,GDSRCV5VTM3U7Y3L6DFRP3PEGBNQMGOWSRTGSBWX6Z3H6C7JHRI4XFJP,69691
IBMQuantum,GDXO4C33IEXGF4TE4RRZFCJ2N4RVV65UAGTYHRMFC4KAP4RFD2Q3IBMQ,69595
BROOKFIELD,GCO3IGH6QJ6LDDZ653AWTM2TBI65D7Q2BURFCGF6JHUPFR7IVNKTMKI7,69391
GALILEO,GA7IGR5F43RM5WYDU2U6KTUBOMTPAG7WP3F7NWAQUEGYOLYFI2IZIGAL,68242
FUSD,GBKNIMALTNEG6TP6CSARYF42LXASBNJCW4FG3WHAAO73HK2T7IDMFUSD,68157
GBP,GDYUSPVSYJQAK5M4IBWYIQ3SCO25WWPHAEKZR4CH37KFMN57G4DTBIXP,68144
PLSF,GBGLK2TYZ56MJXE754W6XHJIJO4UVSFRTXDKOCUT6DPY7NCKII7X5POL,68095
BOLGOLD,GAFFVF3VDJ2LPZ6IQIZMN36A57ZIA7P7NS4Q4E5I6TWCZVSUCQP6BOLI,68078
eERNIE,GC64XQKFJV6FEGAJJTNUDRDEYLI3PP74Y5F25RQA7RDZ42VQJ5SYELON,67687
PSILVER,GDJ3XN7FCJDCKTJ4CRDLKW3XF5OUXS6CS6BYCQ7QLNDU7CP6MD7HJPOL,67506
SONY,GBW3JAGBMMSULGE4KOMGQ4J7RYQHUFBSD33RCTHPBJVYUHFJSTIFK7KD,67113
RIPPLE,GBFGY4AOF2BQNKB4NWOP2X2CJH3F2U4AMCWUK2CPVYHPKT3SXMQGXBMT,66787
MARGELET,GA5PB5WXXE4GTJWCDOPJPACFO7KC5IIIOO356XUCP37JPRDHJ2DL4AFI,66764
XTAR,GAORYJ3KBDGIM7FFSKVUJHJ5NEFWIRDIAGGBJBJS7TY6ECZS53257IG4,66475
PLCU,GB2R3CGIW2GZPXTWZFMRNSLYYP7JWKEIC2OFI4CIJPPRI4NYAP34BPOL,66140
ACT,GAHHULDPDVGB5WS5PH7BCGLJ7ZHECDBIIMKB62UPVDUOCHNFL7HX3FS7,65909
XRPWRAPPED,GAUCPLSPBJKOSN7WZK6SDD2BYPQMC3YSWMLX4XXY7S4JPQFLJXEINDUS,65497
UNICORN,GCWQO6O3IA3BADZWBGEHK7HMGGDKPAB4T2GMXAEERH5E4VOT4LIFAOSM,65495
HONDA,GBW3JAGBMMSULGE4KOMGQ4J7RYQHUFBSD33RCTHPBJVYUHFJSTIFK7KD,65456
COMPASSION,GCV7F5DFZQLTKGKDFGDQSMGZEYRON5PSOVC52IBYNMFTX3QYHATTM2PN,65160
BRICSGOLD,GAUCPLSPBJKOSN7WZK6SDD2BYPQMC3YSWMLX4XXY7S4JPQFLJXEINDUS,64930
NASDAQ,GCM7YIJ2XXZZZXJNKEYCI3SJATY3UCJQ6HA27W5RPWB5EEZE7TDOII6H,64461
Cannabis,GAMZ2UUY7WENCGNTNCZMZIWDDVZMYQXDC2UZQ5CF4ELISX6MIEOIAPOF,63333
AURAX,GAH75KLFPTYUGODDM6ETHNZUU2W3VNRPICPGQ5SDZ2KHOUXESA3WSAQ6,62580
TATA,GAATECTOETXQO27H7FORFWGHJAVT7RTNY7OPDATPTVENJM3XSTOKSXO7,62559
KUSAMAX,GBF77RF2P34NBYHQNHXCVG2QD3DYV32WTQ7WQCZWX4OTIP7U6HPTIKP3,62318
yXRP,GCX7WY5JVSBLR2XR54JENDXNVM3OIHZS3RJP5GRTI67W62EQSM7YYXRP,62212
X,GCFZVSI3WFAUGUWHCKYBL2LA672AXEPSPUGLFSZ7TPQCF4SYOHDXYZXZ,62077
RESF,GCXOJK55F3UMCSRTQ7YMMMUUPTBOEW7JNMHVP5JAPXGILGSHC723O6Q4,62072
UCD,GD4MR4NAY4HZKQ2NKNVCGHOQR6AXFSWNXSC6D4FPUMPU7MCUO4Y6AXQF,61887
SFMNP,GD5JCBDDLTWCF5RK4Q6QINCZ3ASNJWA2QYFTMB3NS2BOYDQV7Q3OC63I,61738
PCOAL,GCAW6J4WEJVZMHAWRRNSRWOG42YQJ444TSU2CKZF7RWK3FREILGJ7POL,61577
GOLD,GAME7NF5G4D6ICN6NSUGEGBT6BF6M2ZDOOWR5KL7NILOHDVMH3IMCR7Q,61554
TRX,GCIAZN2Z6NFWHBFHIXDE4UKH5W7U5E5M6P426JXDUCIRJUAWSTVENVPS,61421
STARLINK,GBFGY4AOF2BQNKB4NWOP2X2CJH3F2U4AMCWUK2CPVYHPKT3SXMQGXBMT,61406
PEPE,GBY7MWXA5EJOBDX2BXVNXINGIHNMFTQAJEBI7MS72FTCQTTXL55IPEPE,61110
MITSUBISHI,GBW3JAGBMMSULGE4KOMGQ4J7RYQHUFBSD33RCTHPBJVYUHFJSTIFK7KD,61058
USDA,GANCHORKQEZ46AFTJLEVTA5MCE432MSR5VMVQBWW3LAUYGTBFTKGKTJF,60872
SCORPIUS,GCTMHQDIXYCVDLRU53YB3HX7FBFYF4HVQPAD66QWF55UGSE42UNKMFB2,60635
BTCVAULT,GD2ICIFLBNBPULJ5JVEHTSFCR55KWDDTGFS2ORON3MCFFJ6UPKKYVOTK,60507
MICROSOFT,GALISASBBC6TJUMOXXI3JKBZDAGA72RJYXXS5K5ZUFSQXW7NAJQMSOFT,60361
EMAR,GC5EPD6P4ZOAAG64WJS3RUVVI6YGRPKR2BRN3J6KDYOE234I3A4YXR6W,60306
PHLGOLD,GAL2CR6YDK7MQQP2NBA4YJIAMI4G3U762VHPQL4HW2JNQS5JGEVU7PHI,60212
CBANK,GCXZGDMYO72YMFDE6SDV4RQFRRBPKDEZIVEIFFIBUHCSJHWQC44XOCAR,60025
oprx,GAFHND2BYMSR63LEZS4TYZV5MS5B3S42OFCUDNLYRG3NDWMSWG6XY4OT,60019
PAMP,GDQSKB25T24N62MHTJGB5ONRURVWEDMZBOGII7B57RZ77CU5CLMWKTR6,59815
LBRGOLD,GATLYDFQYYMJ3N4WDCSJJH4QK7PXWP7M5APJS6VQDEXKU5BWFFKCMTLI,59796
RIPPLE,GBOGBKAHMXIGYHA5JRPOILGM37SJLQ52DISXCKJECAVKOZQ3OQ3J47RO,59750
JPMC,GCAFMPTDKO525DQ54S3B6FVIKYR6PFX5CHO6LPCEQEIHK6XFK2XEQMZ4,59690
EGYPTGOLD,GBFR4WXZCKZ7GP6GQXVXERWE5EYQZ7XPJZE3POZVZEX4LI7JJQ2B6PAY,59481
XAU,GDQSKB25T24N62MHTJGB5ONRURVWEDMZBOGII7B57RZ77CU5CLMWKTR6,59093
FAKENEWS,GDG3I4SSTQRP73T4IDYCVOYNBIUHD2MPBZNJORNU2P6KVCVO2E6EAOQH,59038
NOK,GB3OE4IBQTYQFZZS5RXQHE4IPQL7ONOFOSAIS2NFRNMJKZEAI3AAUT2A,59034
JCTR,GAME5YNKHIPRSMN2BI3HLS3OYD4NE6FQ2WKUUJPYYM6GU4MRDUBPHN6B,58983
GTFTA,GA2EMJTRDZDNLWPUYHYEFUYQMQXIJT6TOWQAXQGP24CO74VSMG6IH7CW,58947
BRICS,GDYVHT6CE3RTYY73NL7SJV4M25WP57WYCTJK6MDNRPD6VNPVERICESK3,58808
AURUM,GDTGWHQBFGWG7ULGX7Z7J6TGVWKEPGKSUA5X74GS3FYHFTIZR4I4AURM,58592
ACU,GCXEGWRBTNC7ZVMM7SHQDBA75XPLBU4WPN6PGTD3YTUQHU7RU4W4MYBC,58556
ZUSD,GDF6VOEGRWLOZ64PQQGKD2IYWA22RLT37GJKS2EJXZHT2VLAGWLC5TOB,58185
ODIN,GDWROKOQVQTAHEFJADLRSWN5CMGK7FHWTLXQCRHOLPRPAGQD7AURPROJ,58089
IBM,GAEKCEF6ERJYCHZGQZQXKDADGJ6OTVRCWSBPHGATFXWO2BM5JIE73Z2C,57954
BABYDOGE,GAMEZFPY4SKD7O6TXF33MCDUBV2UMK3E263XAVA6YRNZJG7EAPBXUUHB,57868
SGRE,GDNUSUAPQ6RKOEXWUQFVLK2BBWHZYXFDQAZVNZKTGQWI7NYIL4IRWQPB,57844
BTT,GDBL3NVCPXTBN2SNSALTKKM5IT4B747ODGED2HQ7EXMCUHVCLAMY2Q3B,57809
ELONT,GD3VPDXGUPGXC4DSTZREYJMDNSQRSHAMR3PDGCOR5RZT74R5GHKIEBE3,57569
BTC,GB3RNZA7QRAQDCY5JYV3RVVUXZPQPREB6IAYKCJTVSGSSEL5UCV3ONGA,57518
SEBA,GDOD3EW7SAJXVJB43R7LDR4FC4MFXES6KJ4YGGFTWSFID3XV6WL5W3LY,57365
QLUMEN,GARAVAA4B373JSRQA3VKPL2KMGNO6GUCYS2CVFPRD2PJJ2N36ONAP5UI,57208
ALUMINIUM,GCVFADXMBLGBBHF3DMRSFR4PZKBIOKTYAKEDUJSU2VYPYGZJYZQ4VENE,57136
SRA,GCM7YIJ2XXZZZXJNKEYCI3SJATY3UCJQ6HA27W5RPWB5EEZE7TDOII6H,57015
XRPBANK001,GAUCPLSPBJKOSN7WZK6SDD2BYPQMC3YSWMLX4XXY7S4JPQFLJXEINDUS,56963
SOFTBANK,GBW3JAGBMMSULGE4KOMGQ4J7RYQHUFBSD33RCTHPBJVYUHFJSTIFK7KD,56786
SLVR,GDNZGUBPVDU57BIBBDMPF7YWPTWFM52E3GVTFUR5DTYGMCVEIG3HD3UT,56767
CITADEL,GCDXI3WXRLI7C3LLJZ4TVQ2AN7GO5QQTGF4OCIBOMPJO5MXNAGXPJXK7,56276
GEMSTONE,GCWQO6O3IA3BADZWBGEHK7HMGGDKPAB4T2GMXAEERH5E4VOT4LIFAOSM,55839
FKOIL,GDUZXK2FIGNQIZLSMEDMKZLPA3CXW3FXEGU2GSVPO6KOR5WVJHHOQUSA,55560
REVIVALGOLD,GAWIJPAHEI7LBOLHNNXNDUIMRTVGDE6HSD3N6GD3WECCBKLE4OBQREVI,55428
ZIM,GB3TORQPESHPJO4R62VV43ROKEFTFGLES4FF4JSJMFP7X7FU6HQ2SBSI,55360
R3,GCTDYFFN5JIXGHW2Y5L6WLBMIKE3MYWMUJV3U2FY27WYR6IVXQIAUCR3,55051
NATIXIS,GBE4LP3GI65S7W4G7YEN66RCLS5X663MWX62WZ6TI5U5WE2ZK77INATX,55034
SPIAEUROPE,GCB2ZFXJNR6FQS6YSVNUY3JA4HGU3GDFILRDHBL5RYY4QF5RQ4PJSPIA,55005
XCORP,GB2NBRD72S23VSQFESAVYBYSVC4GHNWG4BPB4MLJWEWR4ZXNWVMZIZ2E,54841
TINYBAR,GCIAZN2Z6NFWHBFHIXDE4UKH5W7U5E5M6P426JXDUCIRJUAWSTVENVPS,54688
LOVE,GBWA36BSKL3YRFNRE4NZOGWSPBJGVHR5YJBEUX6NJRBKSMHE2ZZ5QHWX,54687
EMC,GCDXI3WXRLI7C3LLJZ4TVQ2AN7GO5QQTGF4OCIBOMPJO5MXNAGXPJXK7,54657
BAB,GDZZEJPAY2M4BU5EZ3H2V3HPNYHQUQLUUHKR4OQAM2RM453FRDZUOZJF,54596
KRX,GB3OE4IBQTYQFZZS5RXQHE4IPQL7ONOFOSAIS2NFRNMJKZEAI3AAUT2A,54554
EMAAR,GAPNJVEAEBVC237BBE7FUMZWQDNCLZJBK3EJOO22DC7P2PQUFLYHMVDB,54291
METLIFE,GA6FCUFUG5D2YX2PP5WPGAZAY5ISX37W4D33NRGM5I6JVBU2RPNYIMET,54159
DBS,GAATECTOETXQO27H7FORFWGHJAVT7RTNY7OPDATPTVENJM3XSTOKSXO7,53911
ZIM,GAC6IYY44RVAM5ICE6AJ675G6RMIQUPHKEVHQJ4SUFC43UWT4SHCGJZC,53829
TESLA,GBFGY4AOF2BQNKB4NWOP2X2CJH3F2U4AMCWUK2CPVYHPKT3SXMQGXBMT,53810
eMINING,GC6LSXVDNBZUFVPZOEIIT3IZRDPHDZZBKQEY2HD74V2PKGYBOJ4SELON,53596
AIG,GAATECTOETXQO27H7FORFWGHJAVT7RTNY7OPDATPTVENJM3XSTOKSXO7,53546
NSRGY,GCSBL6566DOZH2Q5MIHWRAFBBUUKQCYY6GNEQ55BQKQYHY75JZXJYEKL,53406
RRB,GAATECTOETXQO27H7FORFWGHJAVT7RTNY7OPDATPTVENJM3XSTOKSXO7,53388
trumpcoin,GCJS6UOIAKXDPH3ODHXWP7BTNMYT4LJP246ZEF2DS5SITK4TQX5PVM64,52858
FIDA,GAR55SCSRGWRCWRW6HZXT57M4TBK7EYKICA3ISYK5B3Y3BTPSHA5XLR5,52853
DOCK,GAR55SCSRGWRCWRW6HZXT57M4TBK7EYKICA3ISYK5B3Y3BTPSHA5XLR5,52851
DERI,GAR55SCSRGWRCWRW6HZXT57M4TBK7EYKICA3ISYK5B3Y3BTPSHA5XLR5,52842
DYDX,GAR55SCSRGWRCWRW6HZXT57M4TBK7EYKICA3ISYK5B3Y3BTPSHA5XLR5,52840
XBUL,GDMQHO2PQHZIY7A5DG6K6MZUXI4TTBQNU7OSMMVRM2CZRS4RK7MYZFNE,52777
BCH,GB3RNZA7QRAQDCY5JYV3RVVUXZPQPREB6IAYKCJTVSGSSEL5UCV3ONGA,52671
CHEVRON,GAKRSCYI36DT5R6C4CRB5EGAGBWR3VNFM57NKDUI7HDKMA7BLX5QQUSA,52656
ePOOL,GBXG5KFLCB4D536GNNFDEHAV7SF7I7EHTWXJDW744XRFMQCQ7ZS235HZ,52609
DOA,GABGH2QFFEPUVN4BFC5BX2EOKHWS2RTQWS5OJ5B4EF4WMAWPSMI75A5E,52585
JM5U,GCXOJK55F3UMCSRTQ7YMMMUUPTBOEW7JNMHVP5JAPXGILGSHC723O6Q4,52489
SGB,GCLPMW3OR2Y3ZYPAOO7VVIXXVBTNOPDGNDFV3YYW2HBJBDGXRCUXPROJ,52217
NTRN,GB7TLE2GGU5WJTZGPPDRFZC4MIJCE2F5B37AD7S6TP7ZTIIMD52DUJXP,52008
CBNX,GA6ZAQGLDUEODDUUD3UD6PUFJYABWQA26SG5RK6E6CZ6OMD6AZKK5QNF,51951
YAMAHA,GBW3JAGBMMSULGE4KOMGQ4J7RYQHUFBSD33RCTHPBJVYUHFJSTIFK7KD,51694
ALROSA,GC2PDUUX4IAEMVLTOP5L3KT5TCUFW22SQAF47X5CWCBX2PRGYW3OEALR,51645
FCX,GASPJ5VBR2JGEJF35TYN4DTOEYKIFASVR5IHOS4VL4M5D4H3DIMTFCHN,51627
Propel,GAQ66FKC4YLWZEA2TWMKFB5I44ICSPOHEULJB7BLIOCGPDYEFSUZIORO,51537
CRORE,GCBKL3OK4JQVRI44FOY4HW3RGDUWCGICZAM3TK4VXYEQHA3NJRFSGINR,51012
ACCENTURE,GAZSJVV5WC4XTMJTYHOHLV47IDE376RLCKFUBPOLO532XLVI7NSYJURA,51006
DAX,GBMN35UTEI3JX37IOVUKO53OWDNN3CQV5YP4YYR2Z4PQXHMMZPCCAZQR,50936
SPX,GBMN35UTEI3JX37IOVUKO53OWDNN3CQV5YP4YYR2Z4PQXHMMZPCCAZQR,50844
INDUSXRP,GAUCPLSPBJKOSN7WZK6SDD2BYPQMC3YSWMLX4XXY7S4JPQFLJXEINDUS,50842
DBlue,GAFSHAH3H3BGOBWW4YQAKLYIK7BVWX6THCVXYCKJU7WWVDFHM4IHAOQZ,50715
BRICSSILVER,GAUCPLSPBJKOSN7WZK6SDD2BYPQMC3YSWMLX4XXY7S4JPQFLJXEINDUS,50713
AIB,GDYOQ4KP3T7YBQOWVCGO6NJLGTTXIAJBVCDTQIPKEYG7MVGIJTSZBAIB,50621
JMF,GAATECTOETXQO27H7FORFWGHJAVT7RTNY7OPDATPTVENJM3XSTOKSXO7,50621
DRAGON,GDFPNTBISY362O5HFYPOVCHBLHPUS5DMRHQA45UNZYTSX2YYIWB5CLT2,50613
KES,GB3OE4IBQTYQFZZS5RXQHE4IPQL7ONOFOSAIS2NFRNMJKZEAI3AAUT2A,50519
ETH2,GATCNGUL3ZIYYBXCDJBHGWPXBQQVUGTQYOV333Q3VGEVJHL6NILJETH2,50330
AnonInu,GBNWZJVUH6WMVARBF3DGAH6CSNQK5DEVQSZI5NY4R5JMTPRIE5J56CR6,50292
NWC,GAAPUOQWOZAG3PENRN7FEPYWXVGJBJVBL6EUE2ZHN5TSY7WBXQDO7AY2,49644
BTC,GBWCFQGDIUJ35X3VTUDB2LHCJFIPZJGDE3XOGMKPWA2D3EZPL2LBNBTC,49130
NISSAN,GBW3JAGBMMSULGE4KOMGQ4J7RYQHUFBSD33RCTHPBJVYUHFJSTIFK7KD,49119
DEPO,GC7J3ZOQ4GG4QKS57JQOQQWAP636GCO6JFL5HTJRVNRWILAAM6BDSKLX,49041
ASCe,GABQLADWBLQ2422KCJ3LZMXRUV4FSYOXXU2YJVMGHDXDA6HK6TLNEMKO,48809
ETH,GBSTRH4QOTWNSVA6E4HFERETX4ZLSR3CIUBLK7AXYII277PFJC4BBYOG,48783
GDEF,GCXOJK55F3UMCSRTQ7YMMMUUPTBOEW7JNMHVP5JAPXGILGSHC723O6Q4,48736
TSLA,GDY7LCU3O5N2OLQNXEZ7RD53QJMHAB3FFJBGKJ65YK4D43EMJKP45BMU,48666
QGOLD,GB4BHBKCGPYUY6WQBSITHEVMGEEEOH5M45ZY4ECAXPVCD66KY3VNDOQS,48465
BRICSUSA,GAUCPLSPBJKOSN7WZK6SDD2BYPQMC3YSWMLX4XXY7S4JPQFLJXEINDUS,48439
GBNB,GC5EPD6P4ZOAAG64WJS3RUVVI6YGRPKR2BRN3J6KDYOE234I3A4YXR6W,48241
FGB,GDZZEJPAY2M4BU5EZ3H2V3HPNYHQUQLUUHKR4OQAM2RM453FRDZUOZJF,48195
RR,GDLY2XNU57EQKYXK4XLN7N7ZKHH62FXYQZ2UPUJ6YD75AZYLUUO5QLST,48160
SVC,GDRIDC2S3EVMWU5C6MF2COKCN7WJ74RU4WCCKAGLYI3KJHLXJB644FWM,48107
INDUSXLM,GAUCPLSPBJKOSN7WZK6SDD2BYPQMC3YSWMLX4XXY7S4JPQFLJXEINDUS,47710
ITER,GANYEAIS5CRQKGZD4MTQRCZYCHLPHFBLM55V2Z2E6ON3WX6BOSPF2F5X,47673
SBI,GDEZY27MC7O7STHNLK3ROCN4BI6XTBDJEBJR6LPMVQ2NNNGGPECJPROJ,47389
SHIB,GDRZJYGJBQUFE2NWSUR3ARYD4JKU24RXRVKB3YEBOSROH3QON26M3HRU,47381
OV,GDZZEJPAY2M4BU5EZ3H2V3HPNYHQUQLUUHKR4OQAM2RM453FRDZUOZJF,46966
MCB,GAATECTOETXQO27H7FORFWGHJAVT7RTNY7OPDATPTVENJM3XSTOKSXO7,46774
MDABRL,GBWCFNLDXJ7424HPJJZRXBRIJ2UNEQ5DJIKJ46TPC5DLHFIEH6VX4L4K,46497
BSV,GDD5DJFSCURRSLU6KPBCSPQ5ERMDPRWKJ7QYFB6XJ3TMPFBPYM2NJJ35,46301
JDE,GB7TLE2GGU5WJTZGPPDRFZC4MIJCE2F5B37AD7S6TP7ZTIIMD52DUJXP,46201
SUNGOLD,GBTE3LLFWJTA333VAJLXG4UM54XHOP4I63U4CKVQV3VCA7KHUU35PJHE,46170
OMG,GBDEVU63Y6NTHJQQZIKVTC23NWLQVP3WJ2RI2OTSJTNYOIGICST6DUXR,46083
NEURAL,GDWPLDNL6LPRCICPDVXG7BQCT2JPO6R3QD7HOHQSG47TLQU33M2KNEUR,46007
XRP,GA4ZONZXVJADEB5PBNRBR7FKIITUNJQ44AAFCLPWDEI2R6P4IGXRADOD,45979
UBH,GDZZEJPAY2M4BU5EZ3H2V3HPNYHQUQLUUHKR4OQAM2RM453FRDZUOZJF,45976
GRN,GAPS3RG2MEB2APTUCFVRLZCD4AMBBHGVMAT5KM7CJR3IR6LMQM2GL3YZ,45955
xEARN,GAO6UVTST2BP7XDNW7UBJKXG6MRRGMZJZHV5DNHJ3CNHAPAHB6QLWXPO,45904
BLACKROCK,GB2Y32F4PXQ7GAEPALSL6ZJMER3DMW7IRCZRYZDYZW4PB6YTHBPJTOMD,45844
yXRP,GBO5D46W7MSERKIL4WAIGFSMNMBHSTVTQCZPN3SMOUEIEA46GKOWYXRP,45772
XFX,GDMQHO2PQHZIY7A5DG6K6MZUXI4TTBQNU7OSMMVRM2CZRS4RK7MYZFNE,45553
NETCOIN,GD3HJCGRRZJVBBHOINYFPHBZYWZJUO3AYWGUDRJCBRUCBRVKIHZXZQZM,45525
SBIN,GAATECTOETXQO27H7FORFWGHJAVT7RTNY7OPDATPTVENJM3XSTOKSXO7,45499
XAI,GBSFPOBNVKKJMXDS3BH3SZKDXTEZJMZR7NHE4U3MZ7MA7V2I7XEGJXAI,45496
BOND,GAME7NF5G4D6ICN6NSUGEGBT6BF6M2ZDOOWR5KL7NILOHDVMH3IMCR7Q,45442
yETH2,GCHSXMS2DF572BQ6GKDPLKLJ6UXTKJURFEO23YNTTYD7CG2FTHXYYETH,45427
NOUR,GA2FCRDVWLTGOEZXAXM3RTZ6RI2S2ZI3XAAX6MILQWQB6Z4CEXLHM4WP,45387
NEM,GAISQZX2KTMVEOHD3GLRBMQQH2ZY56BUMCLKYGVGT2XWO55FV57KRIGB,45343
HKDC,GA4BYMUO5D7OLGVJWZ2D5FCWU7SB63FNZ4QUU574SMNA6ELK5TZD3SO3,45281
SPIA,GCWOX6FKD3PIV6WVFLK35H3UEC5WOAPGVPEGEF5WLTBWFKBIJ4GDOJWA,44868
IPOAF,GDRIDC2S3EVMWU5C6MF2COKCN7WJ74RU4WCCKAGLYI3KJHLXJB644FWM,44827
IGOLD,GBPJBZ2NYRCXP2H5S27GIJXEU5HHNU2U6YQXRLA4Y23ZY5J57PEVIRAN,44686
SPX3000PE,GDNUSUAPQ6RKOEXWUQFVLK2BBWHZYXFDQAZVNZKTGQWI7NYIL4IRWQPB,44469
MONUMENT,GDZXTDUDEPNACPIL2OKQKQ5EV5UNCFSIGRYD5DTXMZ2AW6WXHVFHSMON,44438
CANON,GBW3JAGBMMSULGE4KOMGQ4J7RYQHUFBSD33RCTHPBJVYUHFJSTIFK7KD,44421
WSGBP,GDSVWEA7XV6M5XNLODVTPCGMAJTNBLZBXOFNQD3BNPNYALEYBNT6CE2V,44184
ROTI,GBIWLIUQPARDGUWCIPZWQ4PSEU6A5372G26U6NGEQ2AZITD2UEF5UTOX,44184
B3I,GAXFXQ4N43J3DJWKZIB47KU6SG5HZHGKHJEATPYMMDBMPZAA4DMTAB3I,43867
LAKH,GCBKL3OK4JQVRI44FOY4HW3RGDUWCGICZAM3TK4VXYEQHA3NJRFSGINR,43690
CLK,GATUZ3X74JYOLTALWLL4Z2LBI4L4ITIT4ZAMBNIOMUHVSQLPX2W2MFS2,43510
CENTUSX,GAA7Z4PABE6YWKIA7WQLQL2L3JTP7QLFKMHVPC3BIYSYQHAHGEXMH5DC,43485
ZBZ,GDZZEJPAY2M4BU5EZ3H2V3HPNYHQUQLUUHKR4OQAM2RM453FRDZUOZJF,43343
CLSL,GCVRR5PTNYQZ5JV5ZVJ7CFNFTWY2SQWJU5Z2VOVBDRYJONWCZVV73KEX,43314
PANASONIC,GBW3JAGBMMSULGE4KOMGQ4J7RYQHUFBSD33RCTHPBJVYUHFJSTIFK7KD,43280
WASKITA,GBNGZRSVJX23DEFHCGY53SFGBNEHXGFMWPUGUE5L3PCYR55I5K5NDIQ6,43200
eSTAR,GAARRZ3HCQRHLOFF4ABLGAT5OKPWGV6REBPHIGFFQPEOZGNFTIJHELON,43103
BRICSRUSSIA,GAUCPLSPBJKOSN7WZK6SDD2BYPQMC3YSWMLX4XXY7S4JPQFLJXEINDUS,42823
PEDI,GBVUDZLMHTLMZANLZB6P4S4RYF52MVWTYVYXTQ2EJBPBX4DZI2SDOLLY,42812
HELCA,GDRIDC2S3EVMWU5C6MF2COKCN7WJ74RU4WCCKAGLYI3KJHLXJB644FWM,42802
MARSCOIN,GD6U6756YWOCQZVQ36WCIB63NUOL3T3DNU23VNJO3CEVPVGACMUH4DOI,42692
BABYDRAGON,GDFPNTBISY362O5HFYPOVCHBLHPUS5DMRHQA45UNZYTSX2YYIWB5CLT2,42560
INDUSBANK2,GAUCPLSPBJKOSN7WZK6SDD2BYPQMC3YSWMLX4XXY7S4JPQFLJXEINDUS,42467
ONE,GCIAZN2Z6NFWHBFHIXDE4UKH5W7U5E5M6P426JXDUCIRJUAWSTVENVPS,42333
XRP,GDAHAIGOE4YT6EMP7SY5M66IE6DO6NG3PGLGX5XYE3PCJ6IUYUDDPXRP,42156
DRT,GCO3IGH6QJ6LDDZ653AWTM2TBI65D7Q2BURFCGF6JHUPFR7IVNKTMKI7,42134
DOP,GCURFAOIY7TYEMXXZ2LFSZJ2ALGFFPSU3EDGMFPCWVDESQ2NZWN4GJ6R,41844
PICK,GCWQO6O3IA3BADZWBGEHK7HMGGDKPAB4T2GMXAEERH5E4VOT4LIFAOSM,41803
BCH,GAEGOS7I6TYZSVHPSN76RSPIVL3SELATXZWLFO4DIAFYJF7MPAHFE7H4,41661
JPMB,GC5EPD6P4ZOAAG64WJS3RUVVI6YGRPKR2BRN3J6KDYOE234I3A4YXR6W,41610
CHERRY,GAPD76XGVNRUL5ULMASBPAXWTDEVORM34PEJ3MMNROTF7RAQOIXYSO5V,41523
S7SPACE,GCE7KU5OI4MTEMZUEEPZR2VB3OZZBJJDP53S2XVV7WU5B5RSLB22YXS7,41512
MVIS,GCXOJK55F3UMCSRTQ7YMMMUUPTBOEW7JNMHVP5JAPXGILGSHC723O6Q4,41494
AGOLD,GAEWROQWZA2ZGWAYFQZYVMIAJNP4WFR5T3K26WXXDOLXFKHYAOAQGARM,41375
SBQ,GDONHPEEATKSMHRF4HVFNIF4YLII2DU2X5QZQDTAL5EWSLY5IGFQXSBQ,41216
BLACKSTONE,GAOXBJNANETDHLEUI7Z3TTE4NW5SEHB7IJHT5LQAWCLFV23UKBN2VLZY,41214
SCB,GAATECTOETXQO27H7FORFWGHJAVT7RTNY7OPDATPTVENJM3XSTOKSXO7,41185
ZEN,GAHFKAGQ2XDJ22TNNXRSRUJ4JW3RZL4YZZ6HXRSTBPOR5PSNMOI7V5TQ,40777
ABAY,GCO3IGH6QJ6LDDZ653AWTM2TBI65D7Q2BURFCGF6JHUPFR7IVNKTMKI7,40537
SFMNP,GDNMZKLHUMLMQQZARAGUY2AG4MAETER55ICEPLCS4TYIJ4UCKSFKLLJI,40524
DOT,GBYGYSGXWO4ZDHYC6AC2INOL3LN2XTPUW7Z7WDB3RB2M7HWANQKPMFXA,40482
SAYU,GCXOJK55F3UMCSRTQ7YMMMUUPTBOEW7JNMHVP5JAPXGILGSHC723O6Q4,40444
BGI,GA4FVJQFHQV5PAYYEYXML7G5JFWAA6TOQS5FH7ADS4Q2QEHKEEA3PCKX,40346
XDGB,GBAOZR2PFECM6UWJUHRRCBUORQZYYNDHTNODRBOBGMX7SRDE6Q64TEST,40316
JPM,GAATECTOETXQO27H7FORFWGHJAVT7RTNY7OPDATPTVENJM3XSTOKSXO7,40299
CATL,GBNEKKSWEAJVYUJ55FZBG34NA5DIBKSB4T4IJDHI22BW2W6SKKGNZ6F7,40268
SALT,GBDEVU63Y6NTHJQQZIKVTC23NWLQVP3WJ2RI2OTSJTNYOIGICST6DUXR,40257
NAVI,GAHFKAGQ2XDJ22TNNXRSRUJ4JW3RZL4YZZ6HXRSTBPOR5PSNMOI7V5TQ,40221
LMW,GCGHWWNTL37TOPWJGA7PPCY3LBEDEFII56HPONQURYTLP6SB76CVELMW,40079
HSBC,GCAFMPTDKO525DQ54S3B6FVIKYR6PFX5CHO6LPCEQEIHK6XFK2XEQMZ4,40020
AMZN,GCAL7CHEHVGEZ5L3HOWBLBPBM33ILG72PZR3VWIX6NN3RZTFJO7PGFP6,39988
OX,GDZZEJPAY2M4BU5EZ3H2V3HPNYHQUQLUUHKR4OQAM2RM453FRDZUOZJF,39733
NTC,GD7NCN7NAJD62TUOJLMWEVOGT2YU7BU2565TLYP6R2VWSNRK7SO3LKUF,39584
EAGLE,GAGXIR2LJF4UZY6KK35EN3COPRHZ3UN3AYPFP5GJCJAHLXU6VU4QNSWX,39502
ALBEMARLE,GBN25UURF4FRIZJCMD2U2INW6A24XTP3ECVEYTUKDQ7532T5ORJYALBE,39421
SVM,GDRIDC2S3EVMWU5C6MF2COKCN7WJ74RU4WCCKAGLYI3KJHLXJB644FWM,39346
AGRO,GAEOCYPIX36WFIJH4JS4AYZPAJLQBI6BTA5TWCDACGHY3JFHTUOAFARM,39333
NAUT,GBYCPSIWFDZR545OHA36PUJB7SH52ZP6IX6VLGCOYQTCNIFDFEFFDZOS,39273
ALGO,GANTNUO7MUGXEDTUS2EBWDASC3EZCZNA6CEAQU7OQDIFMP5OWWQROD5I,39201
Ananos,GAB4YW6ZBV73IFQDSVYGKOXTLWX67LUDXRAXHUW2U5EXIFCMAWYHEHL7,39116
NWCH,GABCALAFU4RHCIRILQ5VPLD5NSHAWYZHINSUIPUCPYZMH35VVGBSJTK2,39017
COPX,GBGHMGCRNOEBTLBL73ZR5R5P5WHC5X24244ITKUDYKXMILJBIPMCNPBK,38989
NVIDIA,GBFGY4AOF2BQNKB4NWOP2X2CJH3F2U4AMCWUK2CPVYHPKT3SXMQGXBMT,38683
DOGEWRAPPED,GAUCPLSPBJKOSN7WZK6SDD2BYPQMC3YSWMLX4XXY7S4JPQFLJXEINDUS,38476
ZSILV,GCYB76O67HQVTU4YRC5BOU6LFWD6PCQCFUAE4TNWY7QCT77GW3J2IBAB,38441
KGH,GDRIDC2S3EVMWU5C6MF2COKCN7WJ74RU4WCCKAGLYI3KJHLXJB644FWM,38429
eCHAIN,GAZ4E7JBSMTNOZEFL7HQQFQWZ6K625FTBZBAW5LCDKA56Z7KAXCHELON,38386
UBEC,GDPNB7S3IOM2J6C3NA2QG4TQAUCRZXPJJ4HSCSIKELEH7ORUCX5UB2VN,38345
enec880423,GDS5JKWWPTISJMFVUPC3HOJKRXMNJNYDNM2OEXDG3UEZ7RGG7X3FIZZ4,38277
PRESS,GDILMBFBVDTNYOJCVFPDCONQPTSOBNBKY5VJHVJ5MSIYV445XA2464X2,38236
FOMO,GD7RO7LYS57VBCFZJWUQ5BL25VICMPTUFVZTX6NAHL7MGEBERVUC27SD,38193
SINOPEC,GD37CWVM7APZXNDB5CNJNXYAWJVVJDFYFSGMWI2IEIUOZIKIZ7M2SINO,38165
WILSON,GAGTG4FUSUH5ANC2J4PESTWWZLWXV5NP24XQWSSE3I5Q2LFL6AKKLQZ2,37934
WLO,GBIL5TOVTZFNV3XS3E2LWTKU5SYOJ3UBCVBSKAMP4EE4MV2VSZQK7NRZ,37914
PLG,GBQMSDL4V2FENVO6VBSMVSIRWFUWUOVHEODSTYEJLDREWCSX2UIIHZVH,37901
SVED,GBXBRGVWY6A7QQP2J5DKZGMH6YBPYFGZL4C6TSYRVYQONTUOYYMDTNGR,37855
AQR,GDRTUOLV6UKVCIC7TENARSVDHAAUSBORX2LSBC4KMFQF22I5HU3Z2YPX,37810
INDUSXRUBLE,GAUCPLSPBJKOSN7WZK6SDD2BYPQMC3YSWMLX4XXY7S4JPQFLJXEINDUS,37784
FOAT,GDZZEJPAY2M4BU5EZ3H2V3HPNYHQUQLUUHKR4OQAM2RM453FRDZUOZJF,37662
liragold,GAIHDHWFCRGTUJCDUIMH3WGJG5Q27PMPWQRO5BIKW4CDVXR57ICJYG7F,37608
USDGLO,GBBS25EGYQPGEZCGCFBKG4OAGFXU6DSOQBGTHELLJT3HZXZJ34HWS6XV,37596
PANTORO,GCDEQ6CBGD477NUZTTSEPWYGQOHLSGUJXJTSJTRHXHMJHUBJBEPRCPAN,37584
ARABGOLD,GD7SVRDPC27NSCZBD4SCZDHY663XJ3XDTKAVSVCQNR6P475UN6X7ARAB,37478
TRX,GDYN2XLEFV3OT6RUAUB4H7WKCSNDRRAFYMWOMUEZZMLWMFWEQNOF4P46,37409
EZLY,GAU3EZADMK7P2MIUV6UVR56KIBMXPAKA52XZLTD5VZ6NNMZVYRUKEZLY,37295
TOX,GDMJMI6UOPSHSCOB2QTX2AUXAQCTD4QRK4VK5UF3YCD663YNEACA7MF5,37270
HITACHI,GBW3JAGBMMSULGE4KOMGQ4J7RYQHUFBSD33RCTHPBJVYUHFJSTIFK7KD,37190
STARWOOD,GCO3IGH6QJ6LDDZ653AWTM2TBI65D7Q2BURFCGF6JHUPFR7IVNKTMKI7,37099
SHIB,GCVRNMZ6ICU2FZ5USGSFIVBS2AJVLEJC4O6VK6PDR2CEGFMJNBBQ5C25,37054
MFL,GAATECTOETXQO27H7FORFWGHJAVT7RTNY7OPDATPTVENJM3XSTOKSXO7,37038
KOMATSU,GBW3JAGBMMSULGE4KOMGQ4J7RYQHUFBSD33RCTHPBJVYUHFJSTIFK7KD,37002
KODAK,GCMU26XW2VBOQYMSQVUFPQOAB4BQGO7EBWW4IPU36KDTIFBLW2QYXPWR,36905
GOOGLE,GAVU7F5JQFKGWNJXAEML466TBS6J6APVWRWOVN5KWOTPBPMRFJF2NX5Y,36862
BLACKROCK,GD3DBHNZLMX3LU3KYIOFYYDSPE3WPTJIXREQXYRKNYXZF2WPY7MGXUZU,36862
SBI,GCM2F4LJ7IHEBPPNKQYJXFM2DXS5J2D44GSBXPKOHJYJBS6BGYXKJIND,36739
MERCEDES,GBY6GP5N4HKWH2F7HJ27JMIUIEI7NLLYVLQVUURGYTOI6KKWUJFFDLUU,36690
HPS,GB6BUI2A4W6NXXPX2WELWKFCP77BLC77RKUS35RA342BABIRSLAJ6QUT,36672
yAQUA,GANCHORKQEZ46AFTJLEVTA5MCE432MSR5VMVQBWW3LAUYGTBFTKGKTJF,36547
WaterBuffalo,GAPI5CJBMI4JA3DRGY23DWCN7BKACGXFIGMSMXPHDIGOXBNUBGMCWWGM,36510
CatFull,GAPI5CJBMI4JA3DRGY23DWCN7BKACGXFIGMSMXPHDIGOXBNUBGMCWWGM,36510
Raccoon,GAPI5CJBMI4JA3DRGY23DWCN7BKACGXFIGMSMXPHDIGOXBNUBGMCWWGM,36510
DragonFace,GAPI5CJBMI4JA3DRGY23DWCN7BKACGXFIGMSMXPHDIGOXBNUBGMCWWGM,36509
ChickenFace,GAPI5CJBMI4JA3DRGY23DWCN7BKACGXFIGMSMXPHDIGOXBNUBGMCWWGM,36509
HearNoEvil,GAPI5CJBMI4JA3DRGY23DWCN7BKACGXFIGMSMXPHDIGOXBNUBGMCWWGM,36509
Tiger,GAPI5CJBMI4JA3DRGY23DWCN7BKACGXFIGMSMXPHDIGOXBNUBGMCWWGM,36509
Hippopotamus,GAPI5CJBMI4JA3DRGY23DWCN7BKACGXFIGMSMXPHDIGOXBNUBGMCWWGM,36509
GoatFull,GAPI5CJBMI4JA3DRGY23DWCN7BKACGXFIGMSMXPHDIGOXBNUBGMCWWGM,36509
DogFull,GAPI5CJBMI4JA3DRGY23DWCN7BKACGXFIGMSMXPHDIGOXBNUBGMCWWGM,36509
BearFace,GAPI5CJBMI4JA3DRGY23DWCN7BKACGXFIGMSMXPHDIGOXBNUBGMCWWGM,36509
RabbitFace,GAPI5CJBMI4JA3DRGY23DWCN7BKACGXFIGMSMXPHDIGOXBNUBGMCWWGM,36509
KoalaFace,GAPI5CJBMI4JA3DRGY23DWCN7BKACGXFIGMSMXPHDIGOXBNUBGMCWWGM,36509
CowFull,GAPI5CJBMI4JA3DRGY23DWCN7BKACGXFIGMSMXPHDIGOXBNUBGMCWWGM,36509
OxFull,GAPI5CJBMI4JA3DRGY23DWCN7BKACGXFIGMSMXPHDIGOXBNUBGMCWWGM,36509
HorseFace,GAPI5CJBMI4JA3DRGY23DWCN7BKACGXFIGMSMXPHDIGOXBNUBGMCWWGM,36509